timestep,temperature
1,-1.132
2,-1.173
3,-1.225
4,-1.237
5,-1.224
6,-1.274
7,-1.338
8,-1.42
9,-1.438
10,-0.822
11,0.042
12,0.742
13,1.184
14,1.273
15,0.915
16,-0.07
17,-0.614
18,-0.623
19,-0.599
20,-0.572
21,-0.5
22,-0.411
23,-0.363
24,-0.32
25,-0.289
26,-0.243
27,-0.165
28,-0.149
29,-0.157
30,-0.173
31,-0.167
32,-0.167
33,-0.072
34,0.493
35,1.157
36,1.629
37,1.845
38,1.799
39,1.348
40,0.506
41,-0.015
42,-0.179
43,-0.376
44,-0.6
45,-0.837
46,-1.058
47,-1.224
48,-1.386
49,-1.539
50,-1.645
51,-1.777
52,-1.906
53,-2.022
54,-2.155
55,-2.299
56,-2.412
57,-2.396
58,-1.699
59,-0.682
60,0.131
61,0.575
62,0.634
63,0.102
64,-1.088
65,-1.857
66,-2.033
67,-2.14
68,-2.233
69,-2.298
70,-2.367
71,-2.429
72,-2.499
73,-2.564
74,-2.622
75,-2.666
76,-2.723
77,-2.759
78,-2.762
79,-2.75
80,-2.733
81,-2.616
82,-1.978
83,-1.066
84,-0.286
85,0.242
86,0.468
87,0.28
88,-0.566
89,-1.102
90,-1.1
91,-1.067
92,-1.04
93,-0.997
94,-1.001
95,-1.065
96,-1.16
97,-1.278
98,-1.365
99,-1.392
100,-1.391
101,-1.373
102,-1.375
103,-1.386
104,-1.436
105,-1.379
106,-0.887
107,-0.224
108,0.338
109,0.607
110,0.647
111,0.413
112,-0.107
113,-0.416
114,-0.494
115,-0.584
116,-0.663
117,-0.697
118,-0.773
119,-0.896
120,-0.997
121,-1.089
122,-1.144
123,-1.186
124,-1.211
125,-1.222
126,-1.206
127,-1.209
128,-1.28
129,-1.361
130,-1.182
131,-0.74
132,-0.283
133,0.001
134,0.019
135,-0.313
136,-1.063
137,-1.788
138,-2.216
139,-2.56
140,-2.881
141,-3.17
142,-3.331
143,-3.38
144,-3.414
145,-3.452
146,-3.455
147,-3.435
148,-3.407
149,-3.35
150,-3.287
151,-3.243
152,-3.196
153,-3.049
154,-2.342
155,-1.425
156,-0.657
157,-0.191
158,-0.077
159,-0.414
160,-1.228
161,-1.932
162,-2.175
163,-2.337
164,-2.45
165,-2.543
166,-2.654
167,-2.793
168,-2.942
169,-3.053
170,-3.173
171,-3.318
172,-3.408
173,-3.446
174,-3.479
175,-3.534
176,-3.595
177,-3.52
178,-2.887
179,-1.941
180,-1.061
181,-0.496
182,-0.306
183,-0.608
184,-1.426
185,-2.156
186,-2.386
187,-2.448
188,-2.487
189,-2.514
190,-2.5
191,-2.452
192,-2.431
193,-2.465
194,-2.509
195,-2.581
196,-2.635
197,-2.653
198,-2.685
199,-2.742
200,-2.816
201,-2.833
202,-2.321
203,-1.498
204,-0.75
205,-0.327
206,-0.315
207,-0.755
208,-1.594
209,-2.266
210,-2.481
211,-2.56
212,-2.567
213,-2.493
214,-2.349
215,-2.22
216,-2.155
217,-2.113
218,-2.059
219,-2.012
220,-1.955
221,-1.851
222,-1.696
223,-1.506
224,-1.316
225,-1.083
226,-0.549
227,0.197
228,0.854
229,1.269
230,1.405
231,1.245
232,0.863
233,0.56
234,0.507
235,0.524
236,0.539
237,0.546
238,0.519
239,0.453
240,0.385
241,0.323
242,0.279
243,0.237
244,0.221
245,0.189
246,0.176
247,0.176
248,0.195
249,0.266
250,0.656
251,1.102
252,1.424
253,1.604
254,1.619
255,1.405
256,0.819
257,0.257
258,0.066
259,-0.019
260,-0.065
261,-0.112
262,-0.199
263,-0.251
264,-0.217
265,-0.136
266,-0.096
267,-0.08
268,-0.042
269,0.019
270,0.085
271,0.159
272,0.231
273,0.379
274,0.763
275,1.179
276,1.491
277,1.626
278,1.624
279,1.491
280,1.219
281,0.984
282,0.904
283,0.81
284,0.743
285,0.689
286,0.614
287,0.541
288,0.466
289,0.403
290,0.359
291,0.298
292,0.218
293,0.144
294,0.084
295,0.014
296,-0.049
297,-0.062
298,0.115
299,0.42
300,0.73
301,0.953
302,1.042
303,0.954
304,0.592
305,0.248
306,0.187
307,0.161
308,0.123
309,0.066
310,-0.003
311,-0.06
312,-0.083
313,-0.07
314,-0.052
315,-0.035
316,-0.004
317,0.022
318,0.021
319,0
320,-0.031
321,0.012
322,0.366
323,0.821
324,1.206
325,1.458
326,1.573
327,1.476
328,1.123
329,0.831
330,0.756
331,0.731
332,0.749
333,0.82
334,0.858
335,0.847
336,0.839
337,0.848
338,0.891
339,0.929
340,1.007
341,1.118
342,1.231
343,1.454
344,1.753
345,2.104
346,2.521
347,2.903
348,3.206
349,3.533
350,3.82
351,3.977
352,3.948
353,3.881
354,3.874
355,3.909
356,3.957
357,3.981
358,3.967
359,3.894
360,3.825
361,3.733
362,3.597
363,3.469
364,3.396
365,3.314
366,3.26
367,3.232
368,3.263
369,3.356
370,3.517
371,3.728
372,3.979
373,4.198
374,4.335
375,4.269
376,3.958
377,3.676
378,3.652
379,3.629
380,3.597
381,3.569
382,3.461
383,3.279
384,3.066
385,2.834
386,2.621
387,2.453
388,2.399
389,2.392
390,2.434
391,2.472
392,2.467
393,2.519
394,3.106
395,3.839
396,4.467
397,4.904
398,5.052
399,4.773
400,3.902
401,3.174
402,3.151
403,3.188
404,3.276
405,3.425
406,3.669
407,3.844
408,3.937
409,3.983
410,3.993
411,4.024
412,4.002
413,3.939
414,3.896
415,3.807
416,3.668
417,3.61
418,3.999
419,4.608
420,5.125
421,5.5
422,5.643
423,5.388
424,4.602
425,3.975
426,3.812
427,3.612
428,3.384
429,3.206
430,3.098
431,3.052
432,3.008
433,2.944
434,2.848
435,2.738
436,2.662
437,2.613
438,2.604
439,2.625
440,2.635
441,2.784
442,3.354
443,3.887
444,4.34
445,4.665
446,4.803
447,4.67
448,4.241
449,3.8
450,3.631
451,3.488
452,3.347
453,3.231
454,3.114
455,3.02
456,2.928
457,2.829
458,2.703
459,2.581
460,2.51
461,2.455
462,2.418
463,2.386
464,2.368
465,2.38
466,2.498
467,2.67
468,2.843
469,2.959
470,2.982
471,2.871
472,2.538
473,2.049
474,1.837
475,1.662
476,1.504
477,1.399
478,1.31
479,1.206
480,1.141
481,1.095
482,1.055
483,0.984
484,0.986
485,1.001
486,1.026
487,1.089
488,1.128
489,1.363
490,1.999
491,2.673
492,3.277
493,3.656
494,3.824
495,3.748
496,3.264
497,2.85
498,2.828
499,2.892
500,3.038
501,3.237
502,3.445
503,3.615
504,3.775
505,3.898
506,3.993
507,4.078
508,4.184
509,4.309
510,4.396
511,4.43
512,4.417
513,4.392
514,4.678
515,5.14
516,5.549
517,5.772
518,5.807
519,5.572
520,5.045
521,4.474
522,4.289
523,4.192
524,4.074
525,3.912
526,3.751
527,3.633
528,3.479
529,3.295
530,3.119
531,2.954
532,2.82
533,2.714
534,2.619
535,2.533
536,2.461
537,2.482
538,2.765
539,3.237
540,3.7
541,4.037
542,4.191
543,4.06
544,3.555
545,2.904
546,2.703
547,2.515
548,2.305
549,2.086
550,1.864
551,1.7
552,1.575
553,1.482
554,1.433
555,1.406
556,1.427
557,1.451
558,1.478
559,1.48
560,1.452
561,1.695
562,2.386
563,3.052
564,3.615
565,3.937
566,4.018
567,3.828
568,3.162
569,2.428
570,2.218
571,2.033
572,1.81
573,1.576
574,1.373
575,1.229
576,1.137
577,1.037
578,0.917
579,0.794
580,0.723
581,0.652
582,0.565
583,0.514
584,0.415
585,0.59
586,1.368
587,2.05
588,2.497
589,2.71
590,2.706
591,2.41
592,1.59
593,0.389
594,-0.009
595,-0.195
596,-0.252
597,-0.238
598,-0.249
599,-0.318
600,-0.43
601,-0.489
602,-0.429
603,-0.284
604,-0.052
605,0.089
606,0.144
607,0.174
608,0.169
609,0.482
610,1.324
611,2.069
612,2.509
613,2.757
614,2.839
615,2.693
616,1.942
617,0.997
618,0.913
619,1.013
620,1.077
621,1.104
622,1.144
623,1.23
624,1.384
625,1.607
626,1.826
627,2.015
628,2.188
629,2.373
630,2.586
631,2.772
632,2.95
633,3.233
634,3.674
635,4.172
636,4.737
637,5.212
638,5.424
639,5.293
640,4.905
641,4.531
642,4.445
643,4.409
644,4.283
645,4.029
646,3.722
647,3.418
648,3.125
649,2.868
650,2.654
651,2.515
652,2.401
653,2.287
654,2.237
655,2.299
656,2.35
657,2.499
658,3.019
659,3.579
660,3.984
661,4.309
662,4.511
663,4.469
664,4.203
665,3.908
666,3.861
667,3.836
668,3.832
669,3.818
670,3.776
671,3.697
672,3.607
673,3.535
674,3.463
675,3.376
676,3.24
677,3.068
678,2.831
679,2.584
680,2.31
681,2.145
682,2.222
683,2.348
684,2.394
685,2.315
686,2.098
687,1.725
688,1.165
689,0.505
690,0.119
691,-0.14
692,-0.353
693,-0.536
694,-0.676
695,-0.752
696,-0.788
697,-0.803
698,-0.81
699,-0.811
700,-0.814
701,-0.808
702,-0.868
703,-0.935
704,-0.967
705,-0.638
706,0.257
707,1.115
708,1.711
709,2.022
710,2.06
711,1.814
712,1.007
713,-0.347
714,-0.678
715,-0.833
716,-0.983
717,-1.079
718,-1.128
719,-1.138
720,-1.112
721,-1.051
722,-0.977
723,-0.9
724,-0.802
725,-0.696
726,-0.571
727,-0.479
728,-0.413
729,0.008
730,0.774
731,1.457
732,1.982
733,2.228
734,2.224
735,1.989
736,1.289
737,0.327
738,0.111
739,0.077
740,0.025
741,0.01
742,0.052
743,0.04
744,-0.019
745,-0.066
746,-0.151
747,-0.201
748,-0.28
749,-0.337
750,-0.415
751,-0.493
752,-0.523
753,-0.089
754,0.826
755,1.778
756,2.538
757,3
758,3.185
759,3.048
760,2.365
761,1.509
762,1.431
763,1.488
764,1.532
765,1.682
766,1.902
767,2.11
768,2.261
769,2.35
770,2.444
771,2.583
772,2.72
773,2.837
774,2.912
775,2.923
776,2.926
777,2.981
778,3.312
779,3.719
780,4.067
781,4.256
782,4.27
783,4.103
784,3.626
785,2.764
786,2.264
787,1.873
788,1.527
789,1.203
790,0.907
791,0.65
792,0.435
793,0.221
794,0.039
795,-0.131
796,-0.287
797,-0.392
798,-0.446
799,-0.48
800,-0.489
801,-0.11
802,0.591
803,1.344
804,2.064
805,2.455
806,2.594
807,2.494
808,2.134
809,1.856
810,1.935
811,2.06
812,2.218
813,2.353
814,2.497
815,2.611
816,2.709
817,2.793
818,2.937
819,3.11
820,3.225
821,3.314
822,3.362
823,3.39
824,3.444
825,3.741
826,4.258
827,4.756
828,5.189
829,5.457
830,5.537
831,5.412
832,5.125
833,4.736
834,4.517
835,4.417
836,4.302
837,4.204
838,4.104
839,4.003
840,3.917
841,3.848
842,3.794
843,3.762
844,3.777
845,3.796
846,3.804
847,3.773
848,3.706
849,3.92
850,4.41
851,4.938
852,5.424
853,5.775
854,5.949
855,5.872
856,5.26
857,4.16
858,3.725
859,3.606
860,3.48
861,3.36
862,3.303
863,3.304
864,3.243
865,3.121
866,3.025
867,2.94
868,2.861
869,2.774
870,2.67
871,2.574
872,2.504
873,2.707
874,3.238
875,3.818
876,4.371
877,4.788
878,5.007
879,4.94
880,4.553
881,3.869
882,3.477
883,3.205
884,2.993
885,2.825
886,2.654
887,2.48
888,2.362
889,2.217
890,2.087
891,2.016
892,1.966
893,1.903
894,1.808
895,1.737
896,1.704
897,2.22
898,2.815
899,3.321
900,3.768
901,4.125
902,4.309
903,4.21
904,3.738
905,2.659
906,2.09
907,1.846
908,1.607
909,1.447
910,1.324
911,1.199
912,1.109
913,1.028
914,0.926
915,0.801
916,0.71
917,0.642
918,0.568
919,0.478
920,0.418
921,0.877
922,1.632
923,2.203
924,2.602
925,2.817
926,2.836
927,2.634
928,2.18
929,1.345
930,0.772
931,0.537
932,0.335
933,0.188
934,0.033
935,-0.114
936,-0.205
937,-0.226
938,-0.264
939,-0.277
940,-0.253
941,-0.241
942,-0.203
943,-0.162
944,-0.07
945,0.59
946,1.589
947,2.432
948,3.038
949,3.394
950,3.528
951,3.387
952,2.804
953,1.506
954,0.784
955,0.639
956,0.484
957,0.376
958,0.245
959,0.071
960,-0.019
961,-0.013
962,-0.003
963,0
964,0.025
965,0.034
966,0.033
967,0
968,-0.06
969,0.419
970,1.294
971,1.979
972,2.347
973,2.501
974,2.476
975,2.239
976,1.603
977,0.441
978,-0.28
979,-0.501
980,-0.651
981,-0.759
982,-0.85
983,-0.929
984,-0.988
985,-1.025
986,-1.043
987,-1.033
988,-1
989,-0.971
990,-0.943
991,-0.896
992,-0.797
993,-0.014
994,1.14
995,2.082
996,2.729
997,3.117
998,3.273
999,3.139
1000,2.455
1001,0.942
1002,0.149
1003,0.093
1004,0.103
1005,0.181
1006,0.283
1007,0.387
1008,0.528
1009,0.643
1010,0.747
1011,0.852
1012,0.978
1013,1.067
1014,1.13
1015,1.161
1016,1.219
1017,1.73
1018,2.481
1019,3.102
1020,3.538
1021,3.844
1022,3.983
1023,3.834
1024,3.207
1025,1.994
1026,1.317
1027,1.204
1028,0.996
1029,0.853
1030,0.753
1031,0.677
1032,0.588
1033,0.458
1034,0.301
1035,0.153
1036,0.045
1037,-0.002
1038,-0.028
1039,-0.037
1040,0.05
1041,0.91
1042,1.948
1043,2.766
1044,3.323
1045,3.658
1046,3.763
1047,3.614
1048,3.099
1049,2.081
1050,1.492
1051,1.442
1052,1.375
1053,1.295
1054,1.215
1055,1.141
1056,1.095
1057,1.05
1058,1.021
1059,0.984
1060,0.972
1061,0.949
1062,0.938
1063,0.961
1064,1.115
1065,1.863
1066,2.679
1067,3.482
1068,4.097
1069,4.48
1070,4.609
1071,4.453
1072,3.895
1073,2.638
1074,1.911
1075,1.784
1076,1.723
1077,1.717
1078,1.732
1079,1.739
1080,1.737
1081,1.709
1082,1.673
1083,1.615
1084,1.578
1085,1.551
1086,1.516
1087,1.456
1088,1.49
1089,2.034
1090,2.709
1091,3.215
1092,3.575
1093,3.747
1094,3.76
1095,3.629
1096,3.241
1097,2.41
1098,1.898
1099,1.832
1100,1.764
1101,1.728
1102,1.693
1103,1.65
1104,1.618
1105,1.565
1106,1.528
1107,1.495
1108,1.445
1109,1.374
1110,1.283
1111,1.173
1112,1.133
1113,1.662
1114,2.249
1115,2.707
1116,3.079
1117,3.287
1118,3.336
1119,3.238
1120,2.906
1121,2.081
1122,1.495
1123,1.334
1124,1.161
1125,0.964
1126,0.808
1127,0.709
1128,0.649
1129,0.591
1130,0.5
1131,0.364
1132,0.225
1133,0.087
1134,-0.019
1135,-0.109
1136,-0.065
1137,0.615
1138,1.368
1139,2.153
1140,2.829
1141,3.273
1142,3.433
1143,3.332
1144,2.887
1145,1.687
1146,0.778
1147,0.489
1148,0.285
1149,0.139
1150,0.022
1151,-0.056
1152,-0.08
1153,-0.083
1154,-0.077
1155,-0.095
1156,-0.122
1157,-0.205
1158,-0.282
1159,-0.299
1160,-0.17
1161,0.498
1162,1.297
1163,1.987
1164,2.424
1165,2.631
1166,2.675
1167,2.582
1168,2.212
1169,1.393
1170,0.75
1171,0.614
1172,0.471
1173,0.335
1174,0.203
1175,0.079
1176,-0.071
1177,-0.243
1178,-0.418
1179,-0.574
1180,-0.696
1181,-0.807
1182,-0.926
1183,-1.062
1184,-1.032
1185,-0.138
1186,0.888
1187,1.678
1188,2.17
1189,2.42
1190,2.49
1191,2.375
1192,2.022
1193,0.907
1194,-0.16
1195,-0.408
1196,-0.581
1197,-0.733
1198,-0.912
1199,-1.092
1200,-1.211
1201,-1.279
1202,-1.317
1203,-1.344
1204,-1.363
1205,-1.417
1206,-1.476
1207,-1.504
1208,-1.319
1209,-0.353
1210,0.73
1211,1.629
1212,2.318
1213,2.67
1214,2.78
1215,2.7
1216,2.328
1217,1.085
1218,0.152
1219,-0.122
1220,-0.361
1221,-0.606
1222,-0.878
1223,-1.137
1224,-1.312
1225,-1.385
1226,-1.317
1227,-1.175
1228,-1.005
1229,-0.849
1230,-0.69
1231,-0.556
1232,-0.354
1233,0.346
1234,1.179
1235,1.898
1236,2.442
1237,2.755
1238,2.878
1239,2.783
1240,2.391
1241,1.268
1242,0.175
1243,-0.115
1244,-0.29
1245,-0.43
1246,-0.545
1247,-0.625
1248,-0.775
1249,-0.938
1250,-1.061
1251,-1.131
1252,-1.182
1253,-1.227
1254,-1.273
1255,-1.35
1256,-1.277
1257,-0.542
1258,0.334
1259,1.103
1260,1.794
1261,2.247
1262,2.38
1263,2.275
1264,1.907
1265,1.02
1266,0.055
1267,-0.311
1268,-0.637
1269,-0.937
1270,-1.171
1271,-1.315
1272,-1.45
1273,-1.555
1274,-1.645
1275,-1.745
1276,-1.808
1277,-1.81
1278,-1.795
1279,-1.754
1280,-1.483
1281,-0.558
1282,0.46
1283,1.254
1284,1.866
1285,2.256
1286,2.37
1287,2.267
1288,1.957
1289,1.435
1290,0.993
1291,0.862
1292,0.845
1293,0.88
1294,0.961
1295,1.057
1296,1.165
1297,1.275
1298,1.349
1299,1.384
1300,1.445
1301,1.511
1302,1.585
1303,1.658
1304,1.829
1305,2.293
1306,2.832
1307,3.374
1308,3.874
1309,4.287
1310,4.53
1311,4.515
1312,4.217
1313,3.661
1314,3.182
1315,3.1
1316,3.008
1317,2.893
1318,2.795
1319,2.698
1320,2.59
1321,2.536
1322,2.516
1323,2.494
1324,2.479
1325,2.472
1326,2.473
1327,2.457
1328,2.56
1329,2.942
1330,3.319
1331,3.694
1332,4.116
1333,4.499
1334,4.674
1335,4.6
1336,4.306
1337,3.791
1338,3.337
1339,3.199
1340,3.108
1341,3.059
1342,3.003
1343,2.955
1344,2.93
1345,2.868
1346,2.768
1347,2.648
1348,2.544
1349,2.454
1350,2.354
1351,2.261
1352,2.243
1353,2.416
1354,2.685
1355,2.993
1356,3.297
1357,3.483
1358,3.513
1359,3.425
1360,3.243
1361,2.975
1362,2.616
1363,2.389
1364,2.197
1365,2.008
1366,1.791
1367,1.519
1368,1.357
1369,1.256
1370,1.217
1371,1.262
1372,1.334
1373,1.452
1374,1.572
1375,1.696
1376,1.96
1377,2.519
1378,3.106
1379,3.673
1380,4.181
1381,4.536
1382,4.727
1383,4.755
1384,4.538
1385,3.921
1386,3.018
1387,2.637
1388,2.406
1389,2.203
1390,2.08
1391,1.991
1392,1.902
1393,1.844
1394,1.818
1395,1.78
1396,1.76
1397,1.743
1398,1.708
1399,1.666
1400,1.673
1401,2.026
1402,2.42
1403,2.765
1404,3.035
1405,3.215
1406,3.312
1407,3.315
1408,3.162
1409,2.737
1410,1.957
1411,1.42
1412,1.074
1413,0.786
1414,0.479
1415,0.149
1416,-0.139
1417,-0.377
1418,-0.609
1419,-0.797
1420,-0.956
1421,-1.069
1422,-1.152
1423,-1.209
1424,-0.805
1425,0.309
1426,1.69
1427,3.028
1428,4.031
1429,4.608
1430,4.868
1431,4.9
1432,4.666
1433,3.648
1434,2.22
1435,1.748
1436,1.54
1437,1.312
1438,0.968
1439,0.533
1440,0.074
1441,-0.383
1442,-0.735
1443,-1.048
1444,-1.289
1445,-1.469
1446,-1.619
1447,-1.727
1448,-1.083
1449,0.437
1450,1.968
1451,3.49
1452,4.428
1453,4.944
1454,5.176
1455,5.144
1456,4.772
1457,3.535
1458,1.913
1459,1.276
1460,0.953
1461,0.691
1462,0.383
1463,0.053
1464,-0.238
1465,-0.507
1466,-0.739
1467,-0.85
1468,-0.831
1469,-0.774
1470,-0.687
1471,-0.569
1472,-0.151
1473,0.703
1474,1.611
1475,2.396
1476,2.959
1477,3.326
1478,3.503
1479,3.477
1480,3.187
1481,2.537
1482,1.71
1483,1.255
1484,0.959
1485,0.695
1486,0.444
1487,0.183
1488,-0.028
1489,-0.223
1490,-0.363
1491,-0.46
1492,-0.493
1493,-0.468
1494,-0.483
1495,-0.529
1496,-0.028
1497,1.064
1498,2.157
1499,3.185
1500,3.989
1501,4.554
1502,4.854
1503,4.863
1504,4.565
1505,3.596
1506,1.837
1507,1.068
1508,0.703
1509,0.39
1510,0.108
1511,-0.142
1512,-0.296
1513,-0.368
1514,-0.374
1515,-0.345
1516,-0.304
1517,-0.281
1518,-0.211
1519,-0.083
1520,0.71
1521,1.978
1522,3.334
1523,4.513
1524,5.352
1525,5.852
1526,6.055
1527,5.981
1528,5.651
1529,4.855
1530,3.601
1531,3.103
1532,2.916
1533,2.709
1534,2.514
1535,2.388
1536,2.317
1537,2.278
1538,2.242
1539,2.231
1540,2.225
1541,2.194
1542,2.14
1543,2.09
1544,2.405
1545,3.124
1546,3.866
1547,4.625
1548,5.272
1549,5.658
1550,5.804
1551,5.712
1552,5.332
1553,4.563
1554,2.993
1555,2.054
1556,1.473
1557,0.908
1558,0.377
1559,-0.091
1560,-0.462
1561,-0.731
1562,-0.884
1563,-0.97
1564,-1.022
1565,-1.091
1566,-1.179
1567,-1.248
1568,-0.414
1569,0.907
1570,2.029
1571,2.883
1572,3.589
1573,4.103
1574,4.401
1575,4.411
1576,4.105
1577,3.118
1578,1.263
1579,0.382
1580,0.04
1581,-0.227
1582,-0.495
1583,-0.744
1584,-0.959
1585,-1.137
1586,-1.284
1587,-1.421
1588,-1.502
1589,-1.558
1590,-1.613
1591,-1.614
1592,-0.723
1593,0.74
1594,2.311
1595,3.588
1596,4.549
1597,5.161
1598,5.468
1599,5.475
1600,5.154
1601,4.058
1602,2.317
1603,1.649
1604,1.481
1605,1.335
1606,1.198
1607,1.084
1608,0.96
1609,0.874
1610,0.825
1611,0.748
1612,0.691
1613,0.61
1614,0.51
1615,0.435
1616,1.093
1617,2.323
1618,3.72
1619,5.069
1620,5.864
1621,6.317
1622,6.528
1623,6.514
1624,6.18
1625,5.288
1626,3.688
1627,2.858
1628,2.567
1629,2.312
1630,2.086
1631,1.929
1632,1.818
1633,1.683
1634,1.518
1635,1.334
1636,1.194
1637,1.077
1638,0.954
1639,0.884
1640,1.504
1641,2.588
1642,3.688
1643,4.846
1644,5.634
1645,6.121
1646,6.314
1647,6.216
1648,5.879
1649,5.096
1650,3.416
1651,2.349
1652,1.928
1653,1.599
1654,1.338
1655,1.123
1656,0.951
1657,0.783
1658,0.654
1659,0.559
1660,0.468
1661,0.447
1662,0.476
1663,0.553
1664,1.456
1665,2.632
1666,3.978
1667,5.026
1668,5.668
1669,6.078
1670,6.268
1671,6.226
1672,5.941
1673,5.356
1674,4.058
1675,3.276
1676,3.058
1677,2.903
1678,2.757
1679,2.596
1680,2.455
1681,2.376
1682,2.392
1683,2.435
1684,2.471
1685,2.555
1686,2.682
1687,2.848
1688,3.418
1689,4.207
1690,4.944
1691,5.574
1692,6.171
1693,6.659
1694,6.887
1695,6.853
1696,6.585
1697,6.016
1698,4.938
1699,4.051
1700,3.697
1701,3.298
1702,2.946
1703,2.642
1704,2.463
1705,2.351
1706,2.287
1707,2.26
1708,2.273
1709,2.278
1710,2.287
1711,2.339
1712,2.849
1713,3.674
1714,4.818
1715,5.9
1716,6.697
1717,7.268
1718,7.574
1719,7.625
1720,7.399
1721,6.843
1722,5.905
1723,5.2
1724,4.848
1725,4.549
1726,4.287
1727,4.035
1728,3.83
1729,3.711
1730,3.583
1731,3.502
1732,3.487
1733,3.511
1734,3.532
1735,3.599
1736,4.08
1737,4.876
1738,5.932
1739,7.037
1740,7.841
1741,8.273
1742,8.428
1743,8.369
1744,8.092
1745,7.504
1746,6.429
1747,5.485
1748,5.032
1749,4.62
1750,4.298
1751,4.092
1752,4.003
1753,3.984
1754,3.998
1755,4.034
1756,4.084
1757,4.108
1758,4.118
1759,4.144
1760,4.474
1761,5.127
1762,6.135
1763,7.217
1764,7.927
1765,8.258
1766,8.309
1767,8.151
1768,7.827
1769,7.253
1770,6.165
1771,5.002
1772,4.462
1773,4.046
1774,3.697
1775,3.347
1776,3.003
1777,2.655
1778,2.338
1779,2.109
1780,1.978
1781,1.938
1782,1.95
1783,2.097
1784,2.941
1785,3.925
1786,5.201
1787,6.686
1788,7.624
1789,8.162
1790,8.387
1791,8.34
1792,8.038
1793,7.372
1794,5.876
1795,4.774
1796,4.501
1797,4.304
1798,4.141
1799,4.023
1800,3.972
1801,3.947
1802,3.917
1803,3.881
1804,3.882
1805,4.004
1806,4.271
1807,4.694
1808,5.495
1809,6.407
1810,7.396
1811,8.413
1812,9.378
1813,10.078
1814,10.395
1815,10.417
1816,10.101
1817,9.475
1818,8.648
1819,8.053
1820,7.758
1821,7.492
1822,7.262
1823,7.096
1824,6.989
1825,6.9
1826,6.783
1827,6.635
1828,6.502
1829,6.392
1830,6.264
1831,6.188
1832,6.53
1833,7.248
1834,8.381
1835,9.588
1836,10.467
1837,10.882
1838,10.926
1839,10.678
1840,10.231
1841,9.725
1842,9.189
1843,8.779
1844,8.614
1845,8.539
1846,8.447
1847,8.242
1848,8.022
1849,7.789
1850,7.508
1851,7.146
1852,6.711
1853,6.343
1854,6.061
1855,5.9
1856,6.214
1857,6.861
1858,7.653
1859,8.399
1860,8.92
1861,9.17
1862,9.232
1863,9.133
1864,8.867
1865,8.38
1866,7.725
1867,7.221
1868,7.031
1869,6.925
1870,6.889
1871,6.875
1872,6.857
1873,6.846
1874,6.839
1875,6.825
1876,6.817
1877,6.767
1878,6.707
1879,6.736
1880,7.166
1881,7.733
1882,8.31
1883,8.819
1884,9.196
1885,9.401
1886,9.432
1887,9.243
1888,8.897
1889,8.346
1890,7.456
1891,6.383
1892,5.754
1893,5.219
1894,4.701
1895,4.218
1896,3.834
1897,3.476
1898,3.152
1899,2.914
1900,2.747
1901,2.612
1902,2.511
1903,2.644
1904,3.512
1905,4.619
1906,6.032
1907,7.508
1908,8.62
1909,9.301
1910,9.64
1911,9.679
1912,9.468
1913,8.908
1914,7.685
1915,6.519
1916,6.178
1917,5.923
1918,5.751
1919,5.616
1920,5.576
1921,5.614
1922,5.708
1923,5.782
1924,5.829
1925,5.866
1926,5.891
1927,5.973
1928,6.309
1929,6.958
1930,7.676
1931,8.212
1932,8.548
1933,8.726
1934,8.746
1935,8.602
1936,8.307
1937,7.797
1938,6.983
1939,5.966
1940,5.372
1941,4.897
1942,4.473
1943,4.066
1944,3.76
1945,3.525
1946,3.327
1947,3.144
1948,3.012
1949,2.933
1950,2.896
1951,3.072
1952,3.728
1953,4.74
1954,5.983
1955,7.078
1956,7.828
1957,8.233
1958,8.376
1959,8.285
1960,8.048
1961,7.698
1962,7.269
1963,6.897
1964,6.704
1965,6.539
1966,6.413
1967,6.283
1968,6.141
1969,6.026
1970,5.934
1971,5.868
1972,5.874
1973,5.923
1974,5.973
1975,6.129
1976,6.599
1977,7.297
1978,8.093
1979,8.865
1980,9.517
1981,9.977
1982,10.189
1983,10.197
1984,9.997
1985,9.555
1986,8.755
1987,7.949
1988,7.669
1989,7.42
1990,7.173
1991,6.936
1992,6.781
1993,6.633
1994,6.434
1995,6.235
1996,6.111
1997,6.02
1998,5.954
1999,6.088
2000,6.647
2001,7.307
2002,7.998
2003,8.74
2004,9.393
2005,9.84
2006,10.002
2007,9.899
2008,9.601
2009,9.148
2010,8.453
2011,7.723
2012,7.353
2013,7.054
2014,6.757
2015,6.505
2016,6.29
2017,6.107
2018,5.942
2019,5.767
2020,5.676
2021,5.651
2022,5.618
2023,5.658
2024,6.028
2025,6.624
2026,7.287
2027,7.865
2028,8.28
2029,8.519
2030,8.6
2031,8.541
2032,8.352
2033,8.008
2034,7.434
2035,6.628
2036,6.212
2037,5.962
2038,5.777
2039,5.663
2040,5.584
2041,5.496
2042,5.397
2043,5.329
2044,5.242
2045,5.144
2046,5.058
2047,5.131
2048,5.699
2049,6.496
2050,7.485
2051,8.33
2052,8.902
2053,9.213
2054,9.339
2055,9.239
2056,8.946
2057,8.406
2058,7.5
2059,6.333
2060,5.786
2061,5.412
2062,5.092
2063,4.801
2064,4.659
2065,4.61
2066,4.584
2067,4.563
2068,4.573
2069,4.608
2070,4.622
2071,4.746
2072,5.172
2073,5.82
2074,6.666
2075,7.46
2076,7.971
2077,8.274
2078,8.358
2079,8.236
2080,7.927
2081,7.403
2082,6.599
2083,5.466
2084,4.924
2085,4.606
2086,4.327
2087,4.054
2088,3.839
2089,3.696
2090,3.556
2091,3.425
2092,3.318
2093,3.253
2094,3.243
2095,3.54
2096,4.184
2097,4.737
2098,5.275
2099,5.788
2100,6.218
2101,6.543
2102,6.716
2103,6.715
2104,6.571
2105,6.307
2106,5.957
2107,5.658
2108,5.517
2109,5.427
2110,5.345
2111,5.256
2112,5.153
2113,5.057
2114,5.002
2115,4.938
2116,4.889
2117,4.863
2118,4.82
2119,4.883
2120,5.136
2121,5.456
2122,5.745
2123,5.913
2124,5.925
2125,5.833
2126,5.632
2127,5.32
2128,4.924
2129,4.438
2130,3.902
2131,3.374
2132,3.065
2133,2.876
2134,2.776
2135,2.692
2136,2.584
2137,2.443
2138,2.298
2139,2.184
2140,2.05
2141,1.897
2142,1.779
2143,1.762
2144,1.897
2145,2.158
2146,2.514
2147,2.857
2148,3.129
2149,3.301
2150,3.328
2151,3.229
2152,3.043
2153,2.771
2154,2.395
2155,1.963
2156,1.71
2157,1.563
2158,1.474
2159,1.455
2160,1.474
2161,1.508
2162,1.553
2163,1.6
2164,1.608
2165,1.566
2166,1.491
2167,1.73
2168,2.514
2169,3.456
2170,4.19
2171,4.664
2172,4.929
2173,5.057
2174,5.096
2175,5.065
2176,4.931
2177,4.674
2178,4.218
2179,3.31
2180,2.663
2181,2.324
2182,2.05
2183,1.853
2184,1.761
2185,1.72
2186,1.673
2187,1.634
2188,1.658
2189,1.706
2190,1.764
2191,2.152
2192,3.005
2193,3.994
2194,4.909
2195,5.681
2196,6.32
2197,6.767
2198,6.998
2199,7.045
2200,6.892
2201,6.537
2202,5.921
2203,5.01
2204,4.465
2205,4.135
2206,3.871
2207,3.691
2208,3.555
2209,3.464
2210,3.388
2211,3.335
2212,3.318
2213,3.322
2214,3.339
2215,3.646
2216,4.244
2217,4.872
2218,5.59
2219,6.376
2220,7.001
2221,7.381
2222,7.527
2223,7.522
2224,7.322
2225,6.929
2226,6.199
2227,5.175
2228,4.635
2229,4.302
2230,3.991
2231,3.676
2232,3.432
2233,3.234
2234,3.107
2235,3.006
2236,2.893
2237,2.811
2238,2.716
2239,3.021
2240,3.78
2241,4.739
2242,5.686
2243,6.387
2244,6.866
2245,7.153
2246,7.265
2247,7.228
2248,7.089
2249,6.791
2250,6.06
2251,4.546
2252,3.759
2253,3.466
2254,3.265
2255,3.202
2256,3.266
2257,3.373
2258,3.495
2259,3.641
2260,3.877
2261,4.173
2262,4.457
2263,4.889
2264,5.562
2265,6.498
2266,7.659
2267,8.849
2268,9.729
2269,10.253
2270,10.462
2271,10.401
2272,10.176
2273,9.77
2274,9.122
2275,8.28
2276,7.688
2277,7.338
2278,7.133
2279,7.013
2280,6.915
2281,6.823
2282,6.683
2283,6.505
2284,6.361
2285,6.251
2286,6.182
2287,6.352
2288,6.831
2289,7.553
2290,8.233
2291,8.782
2292,9.217
2293,9.519
2294,9.705
2295,9.751
2296,9.635
2297,9.336
2298,8.754
2299,7.853
2300,7.265
2301,6.945
2302,6.611
2303,6.257
2304,5.886
2305,5.555
2306,5.233
2307,5.007
2308,4.827
2309,4.708
2310,4.673
2311,5.181
2312,6.02
2313,6.977
2314,7.988
2315,8.786
2316,9.305
2317,9.561
2318,9.63
2319,9.559
2320,9.37
2321,9.021
2322,8.343
2323,6.844
2324,5.732
2325,5.242
2326,4.862
2327,4.532
2328,4.257
2329,4.085
2330,4.004
2331,3.947
2332,3.938
2333,3.975
2334,4.116
2335,4.868
2336,5.922
2337,7.33
2338,8.904
2339,9.932
2340,10.605
2341,11.1
2342,11.391
2343,11.439
2344,11.226
2345,10.783
2346,9.959
2347,8.447
2348,7.314
2349,6.824
2350,6.369
2351,5.963
2352,5.646
2353,5.446
2354,5.33
2355,5.261
2356,5.209
2357,5.088
2358,4.972
2359,5.589
2360,6.688
2361,8.143
2362,9.865
2363,10.797
2364,11.376
2365,11.838
2366,12.184
2367,12.373
2368,12.361
2369,12.113
2370,11.421
2371,10.045
2372,9.04
2373,8.466
2374,7.918
2375,7.403
2376,6.931
2377,6.485
2378,6.091
2379,5.799
2380,5.554
2381,5.272
2382,5.064
2383,6.082
2384,7.662
2385,9.233
2386,11.176
2387,12.403
2388,13.245
2389,13.842
2390,14.176
2391,14.22
2392,13.986
2393,13.48
2394,12.457
2395,10.636
2396,9.413
2397,8.823
2398,8.295
2399,7.796
2400,7.363
2401,6.94
2402,6.505
2403,6.053
2404,5.651
2405,5.304
2406,5.09
2407,5.853
2408,7.206
2409,8.576
2410,10.04
2411,11.206
2412,11.869
2413,12.264
2414,12.452
2415,12.42
2416,12.157
2417,11.604
2418,10.601
2419,8.768
2420,7.201
2421,6.459
2422,5.835
2423,5.33
2424,4.929
2425,4.611
2426,4.399
2427,4.256
2428,4.153
2429,4.1
2430,4.136
2431,4.9
2432,6.049
2433,7.453
2434,9.019
2435,10.315
2436,11.322
2437,11.95
2438,12.244
2439,12.238
2440,11.96
2441,11.383
2442,10.441
2443,8.821
2444,7.309
2445,6.496
2446,5.796
2447,5.232
2448,4.816
2449,4.534
2450,4.301
2451,4.084
2452,3.844
2453,3.613
2454,3.575
2455,4.391
2456,5.532
2457,6.923
2458,8.183
2459,9.177
2460,9.901
2461,10.338
2462,10.495
2463,10.362
2464,9.965
2465,9.359
2466,8.499
2467,7.256
2468,5.999
2469,5.377
2470,4.897
2471,4.51
2472,4.21
2473,3.954
2474,3.732
2475,3.553
2476,3.372
2477,3.274
2478,3.316
2479,4.264
2480,5.364
2481,6.423
2482,7.408
2483,8.315
2484,9.128
2485,9.762
2486,10.17
2487,10.306
2488,10.217
2489,9.891
2490,9.173
2491,7.679
2492,6.213
2493,5.554
2494,4.967
2495,4.509
2496,4.162
2497,3.901
2498,3.791
2499,3.704
2500,3.628
2501,3.522
2502,3.581
2503,4.339
2504,5.319
2505,6.598
2506,7.892
2507,9.02
2508,9.899
2509,10.466
2510,10.759
2511,10.754
2512,10.478
2513,9.988
2514,9.182
2515,7.787
2516,6.362
2517,5.624
2518,4.991
2519,4.423
2520,3.974
2521,3.623
2522,3.359
2523,3.188
2524,3.056
2525,2.934
2526,3.043
2527,4.219
2528,5.644
2529,7.331
2530,8.661
2531,9.677
2532,10.48
2533,11.034
2534,11.345
2535,11.381
2536,11.196
2537,10.778
2538,9.999
2539,8.337
2540,6.825
2541,6.133
2542,5.542
2543,5.016
2544,4.537
2545,4.101
2546,3.781
2547,3.585
2548,3.541
2549,3.555
2550,3.739
2551,4.666
2552,5.744
2553,7.361
2554,8.981
2555,10.228
2556,11.024
2557,11.543
2558,11.812
2559,11.816
2560,11.609
2561,11.159
2562,10.327
2563,8.631
2564,7.024
2565,6.226
2566,5.6
2567,5.104
2568,4.707
2569,4.37
2570,4.103
2571,3.901
2572,3.699
2573,3.528
2574,3.628
2575,4.747
2576,5.931
2577,7.642
2578,8.974
2579,9.904
2580,10.548
2581,10.967
2582,11.137
2583,11.066
2584,10.708
2585,10.072
2586,9.137
2587,7.713
2588,6.319
2589,5.551
2590,5.032
2591,4.597
2592,4.269
2593,3.981
2594,3.735
2595,3.545
2596,3.405
2597,3.311
2598,3.452
2599,4.26
2600,5.125
2601,6.085
2602,7.071
2603,7.992
2604,8.705
2605,9.156
2606,9.391
2607,9.39
2608,9.158
2609,8.712
2610,7.983
2611,6.816
2612,5.671
2613,5.133
2614,4.718
2615,4.321
2616,4.004
2617,3.688
2618,3.379
2619,3.031
2620,2.678
2621,2.327
2622,2.293
2623,3.255
2624,4.511
2625,5.704
2626,6.551
2627,7.25
2628,7.81
2629,8.166
2630,8.293
2631,8.189
2632,7.89
2633,7.392
2634,6.663
2635,5.444
2636,4.01
2637,3.347
2638,2.857
2639,2.402
2640,1.973
2641,1.614
2642,1.285
2643,1.029
2644,0.768
2645,0.495
2646,0.704
2647,2.129
2648,3.708
2649,4.981
2650,6.014
2651,6.932
2652,7.674
2653,8.247
2654,8.623
2655,8.775
2656,8.699
2657,8.391
2658,7.762
2659,6.231
2660,4.626
2661,4.168
2662,3.798
2663,3.301
2664,2.778
2665,2.339
2666,2.05
2667,1.862
2668,1.761
2669,1.71
2670,2.057
2671,3.468
2672,5.019
2673,6.733
2674,7.935
2675,8.752
2676,9.37
2677,9.834
2678,10.107
2679,10.19
2680,10.074
2681,9.766
2682,9.17
2683,7.783
2684,6.017
2685,5.29
2686,4.827
2687,4.405
2688,4.014
2689,3.651
2690,3.351
2691,3.12
2692,2.908
2693,2.683
2694,2.85
2695,4.36
2696,5.733
2697,7.441
2698,8.598
2699,9.37
2700,9.969
2701,10.432
2702,10.751
2703,10.866
2704,10.765
2705,10.432
2706,9.741
2707,8.335
2708,7.045
2709,6.452
2710,5.985
2711,5.558
2712,5.181
2713,4.879
2714,4.589
2715,4.311
2716,4.036
2717,3.795
2718,4.137
2719,5.714
2720,7.009
2721,8.857
2722,10.677
2723,11.991
2724,12.992
2725,13.68
2726,14.069
2727,14.17
2728,14.012
2729,13.53
2730,12.553
2731,11.014
2732,9.689
2733,9.167
2734,8.802
2735,8.475
2736,8.192
2737,7.952
2738,7.792
2739,7.672
2740,7.604
2741,7.601
2742,7.926
2743,8.696
2744,9.468
2745,10.426
2746,11.319
2747,12.042
2748,12.657
2749,13.095
2750,13.347
2751,13.391
2752,13.184
2753,12.786
2754,12.188
2755,11.133
2756,9.66
2757,9.016
2758,8.662
2759,8.369
2760,8.127
2761,7.912
2762,7.726
2763,7.58
2764,7.494
2765,7.421
2766,7.608
2767,8.235
2768,9.111
2769,10.227
2770,11.285
2771,12.076
2772,12.617
2773,12.963
2774,13.154
2775,13.154
2776,13.003
2777,12.634
2778,12.028
2779,11.079
2780,9.573
2781,8.727
2782,8.248
2783,7.841
2784,7.527
2785,7.268
2786,7.05
2787,6.872
2788,6.762
2789,6.738
2790,7.138
2791,8.284
2792,9.313
2793,10.803
2794,11.846
2795,12.635
2796,13.225
2797,13.537
2798,13.585
2799,13.458
2800,13.212
2801,12.897
2802,12.442
2803,11.581
2804,10.31
2805,9.729
2806,9.401
2807,9.171
2808,9.024
2809,8.878
2810,8.717
2811,8.556
2812,8.492
2813,8.431
2814,8.593
2815,9.199
2816,10.15
2817,11.424
2818,12.627
2819,13.561
2820,14.282
2821,14.827
2822,15.21
2823,15.335
2824,15.152
2825,14.652
2826,13.926
2827,12.836
2828,11.797
2829,11.287
2830,10.9
2831,10.567
2832,10.266
2833,9.985
2834,9.707
2835,9.441
2836,9.145
2837,8.832
2838,8.987
2839,9.617
2840,10.255
2841,10.961
2842,11.54
2843,11.919
2844,12.211
2845,12.416
2846,12.466
2847,12.421
2848,12.223
2849,11.807
2850,11.184
2851,10.356
2852,9.335
2853,8.631
2854,8.186
2855,7.807
2856,7.469
2857,7.176
2858,6.953
2859,6.756
2860,6.609
2861,6.49
2862,6.741
2863,7.349
2864,8.146
2865,9.21
2866,10.16
2867,10.766
2868,11.198
2869,11.501
2870,11.604
2871,11.485
2872,11.165
2873,10.738
2874,10.191
2875,9.458
2876,8.369
2877,7.613
2878,7.233
2879,6.964
2880,6.74
2881,6.562
2882,6.43
2883,6.317
2884,6.214
2885,6.107
2886,6.395
2887,7.03
2888,7.772
2889,8.636
2890,9.53
2891,10.252
2892,10.75
2893,11.008
2894,11.001
2895,10.721
2896,10.274
2897,9.698
2898,9.017
2899,8.245
2900,7.385
2901,6.764
2902,6.354
2903,5.983
2904,5.66
2905,5.392
2906,5.165
2907,4.95
2908,4.766
2909,4.592
2910,4.821
2911,5.396
2912,5.963
2913,6.574
2914,7.163
2915,7.743
2916,8.221
2917,8.562
2918,8.696
2919,8.625
2920,8.335
2921,7.882
2922,7.279
2923,6.483
2924,5.312
2925,4.485
2926,4.057
2927,3.727
2928,3.467
2929,3.22
2930,2.994
2931,2.794
2932,2.608
2933,2.442
2934,2.998
2935,4.222
2936,5.467
2937,6.528
2938,7.333
2939,7.953
2940,8.413
2941,8.703
2942,8.843
2943,8.842
2944,8.697
2945,8.368
2946,7.814
2947,6.947
2948,5.464
2949,4.483
2950,3.981
2951,3.632
2952,3.339
2953,3.093
2954,2.874
2955,2.679
2956,2.558
2957,2.545
2958,3.443
2959,4.925
2960,6.456
2961,7.744
2962,8.698
2963,9.429
2964,10.032
2965,10.496
2966,10.756
2967,10.794
2968,10.647
2969,10.344
2970,9.882
2971,9.051
2972,7.827
2973,7.263
2974,6.996
2975,6.744
2976,6.483
2977,6.267
2978,6.157
2979,6.141
2980,6.123
2981,6.129
2982,6.715
2983,7.502
2984,8.456
2985,9.49
2986,10.375
2987,11.05
2988,11.562
2989,11.92
2990,12.141
2991,12.173
2992,12.016
2993,11.695
2994,11.239
2995,10.539
2996,9.578
2997,8.974
2998,8.591
2999,8.225
3000,7.915
3001,7.663
3002,7.449
3003,7.248
3004,7.072
3005,6.907
3006,7.266
3007,7.815
3008,8.419
3009,9.098
3010,9.725
3011,10.264
3012,10.729
3013,11.104
3014,11.31
3015,11.307
3016,11.059
3017,10.563
3018,9.862
3019,8.887
3020,7.457
3021,6.463
3022,5.889
3023,5.431
3024,5.075
3025,4.866
3026,4.701
3027,4.584
3028,4.5
3029,4.42
3030,4.873
3031,5.672
3032,6.672
3033,7.727
3034,8.672
3035,9.479
3036,10.145
3037,10.604
3038,10.834
3039,10.798
3040,10.473
3041,9.915
3042,9.19
3043,8.224
3044,6.86
3045,5.742
3046,5.167
3047,4.738
3048,4.415
3049,4.208
3050,4.083
3051,4.024
3052,4.014
3053,4.08
3054,4.728
3055,5.724
3056,6.755
3057,7.675
3058,8.343
3059,8.894
3060,9.327
3061,9.606
3062,9.731
3063,9.705
3064,9.51
3065,9.164
3066,8.644
3067,7.945
3068,6.955
3069,6.109
3070,5.679
3071,5.311
3072,5.015
3073,4.782
3074,4.581
3075,4.405
3076,4.244
3077,4.118
3078,4.789
3079,5.745
3080,6.798
3081,7.959
3082,9.004
3083,9.808
3084,10.434
3085,10.862
3086,11.103
3087,11.117
3088,10.918
3089,10.468
3090,9.747
3091,8.699
3092,7.082
3093,5.951
3094,5.335
3095,4.834
3096,4.387
3097,3.983
3098,3.675
3099,3.415
3100,3.165
3101,2.967
3102,3.697
3103,4.657
3104,5.613
3105,6.448
3106,7.124
3107,7.735
3108,8.225
3109,8.543
3110,8.696
3111,8.66
3112,8.434
3113,8.054
3114,7.506
3115,6.742
3116,5.485
3117,4.548
3118,4.074
3119,3.629
3120,3.236
3121,2.889
3122,2.56
3123,2.246
3124,1.967
3125,1.794
3126,2.752
3127,3.957
3128,4.983
3129,5.757
3130,6.412
3131,6.997
3132,7.472
3133,7.804
3134,7.976
3135,7.966
3136,7.786
3137,7.463
3138,7.008
3139,6.324
3140,5.033
3141,4.099
3142,3.647
3143,3.255
3144,2.926
3145,2.631
3146,2.374
3147,2.116
3148,1.866
3149,1.707
3150,2.786
3151,4.227
3152,5.428
3153,6.282
3154,6.973
3155,7.597
3156,8.085
3157,8.443
3158,8.646
3159,8.712
3160,8.663
3161,8.476
3162,8.12
3163,7.448
3164,5.967
3165,4.881
3166,4.302
3167,3.805
3168,3.464
3169,3.191
3170,2.928
3171,2.672
3172,2.446
3173,2.348
3174,3.442
3175,4.919
3176,6.578
3177,7.693
3178,8.429
3179,9.079
3180,9.609
3181,9.986
3182,10.185
3183,10.241
3184,10.128
3185,9.838
3186,9.393
3187,8.615
3188,7.331
3189,6.52
3190,6.186
3191,5.862
3192,5.569
3193,5.312
3194,5.109
3195,4.943
3196,4.824
3197,4.825
3198,5.466
3199,6.412
3200,7.517
3201,8.507
3202,9.334
3203,10.042
3204,10.549
3205,10.885
3206,11.083
3207,11.144
3208,11.08
3209,10.861
3210,10.476
3211,9.804
3212,8.456
3213,7.265
3214,6.684
3215,6.165
3216,5.713
3217,5.3
3218,4.966
3219,4.774
3220,4.644
3221,4.725
3222,5.796
3223,6.834
3224,8.205
3225,9.512
3226,10.478
3227,11.231
3228,11.785
3229,12.185
3230,12.395
3231,12.397
3232,12.189
3233,11.795
3234,11.198
3235,10.239
3236,8.587
3237,7.276
3238,6.769
3239,6.411
3240,6.115
3241,5.851
3242,5.619
3243,5.498
3244,5.45
3245,5.646
3246,6.563
3247,7.503
3248,8.63
3249,9.668
3250,10.489
3251,11.196
3252,11.741
3253,12.151
3254,12.369
3255,12.37
3256,12.174
3257,11.808
3258,11.3
3259,10.46
3260,8.975
3261,7.683
3262,7.083
3263,6.595
3264,6.197
3265,5.874
3266,5.623
3267,5.445
3268,5.317
3269,5.396
3270,6.379
3271,7.526
3272,8.942
3273,10.201
3274,11.082
3275,11.79
3276,12.361
3277,12.79
3278,13.046
3279,13.136
3280,13.076
3281,12.848
3282,12.424
3283,11.619
3284,10.182
3285,9.042
3286,8.417
3287,7.83
3288,7.292
3289,6.82
3290,6.383
3291,5.984
3292,5.664
3293,5.625
3294,6.955
3295,8.5
3296,10.509
3297,12.282
3298,13.39
3299,14.204
3300,14.796
3301,15.183
3302,15.4
3303,15.426
3304,15.233
3305,14.836
3306,14.27
3307,13.408
3308,11.951
3309,10.757
3310,10.119
3311,9.522
3312,9.059
3313,8.708
3314,8.438
3315,8.253
3316,8.205
3317,8.343
3318,9.212
3319,10.122
3320,11.175
3321,12.17
3322,13.044
3323,13.84
3324,14.509
3325,15
3326,15.299
3327,15.486
3328,15.478
3329,15.311
3330,15.018
3331,14.469
3332,13.328
3333,12.21
3334,11.627
3335,11.18
3336,10.832
3337,10.543
3338,10.333
3339,10.171
3340,10.036
3341,10.133
3342,11.317
3343,12.397
3344,13.775
3345,15.029
3346,16.06
3347,16.868
3348,17.553
3349,18.076
3350,18.394
3351,18.456
3352,18.354
3353,18.16
3354,17.773
3355,17.054
3356,15.665
3357,14.407
3358,13.667
3359,13.063
3360,12.597
3361,12.24
3362,11.962
3363,11.699
3364,11.391
3365,11.266
3366,12.406
3367,13.517
3368,14.915
3369,16.489
3370,17.661
3371,18.575
3372,19.216
3373,19.58
3374,19.798
3375,19.886
3376,19.804
3377,19.517
3378,18.945
3379,17.905
3380,16.242
3381,14.826
3382,13.992
3383,13.253
3384,12.586
3385,12.002
3386,11.493
3387,11.051
3388,10.679
3389,10.663
3390,11.891
3391,12.991
3392,14.617
3393,16.259
3394,17.592
3395,18.689
3396,19.472
3397,20.019
3398,20.324
3399,20.387
3400,20.269
3401,19.984
3402,19.485
3403,18.544
3404,16.651
3405,15.031
3406,14.201
3407,13.542
3408,13.002
3409,12.555
3410,12.151
3411,11.815
3412,11.464
3413,11.432
3414,12.735
3415,13.934
3416,15.421
3417,17.023
3418,18.065
3419,18.931
3420,19.593
3421,19.996
3422,20.138
3423,20.026
3424,19.766
3425,19.381
3426,18.782
3427,17.722
3428,15.859
3429,14.283
3430,13.45
3431,12.82
3432,12.243
3433,11.712
3434,11.253
3435,10.848
3436,10.46
3437,10.385
3438,11.272
3439,12.243
3440,13.429
3441,14.69
3442,15.653
3443,16.4
3444,16.925
3445,17.229
3446,17.308
3447,17.132
3448,16.691
3449,16.035
3450,15.143
3451,13.881
3452,12.142
3453,10.538
3454,9.626
3455,8.993
3456,8.469
3457,8.013
3458,7.655
3459,7.391
3460,7.202
3461,7.316
3462,8.102
3463,8.921
3464,9.842
3465,10.784
3466,11.593
3467,12.317
3468,12.947
3469,13.413
3470,13.641
3471,13.652
3472,13.46
3473,13.049
3474,12.405
3475,11.533
3476,10.407
3477,9.254
3478,8.546
3479,8.016
3480,7.581
3481,7.252
3482,6.959
3483,6.691
3484,6.481
3485,6.589
3486,7.317
3487,8.055
3488,8.832
3489,9.614
3490,10.301
3491,10.869
3492,11.285
3493,11.526
3494,11.574
3495,11.461
3496,11.248
3497,10.914
3498,10.432
3499,9.82
3500,8.993
3501,8.062
3502,7.509
3503,7.074
3504,6.681
3505,6.315
3506,5.974
3507,5.675
3508,5.422
3509,5.51
3510,6.256
3511,7.021
3512,7.846
3513,8.592
3514,9.282
3515,9.904
3516,10.372
3517,10.73
3518,10.933
3519,10.961
3520,10.845
3521,10.595
3522,10.204
3523,9.625
3524,8.558
3525,7.453
3526,6.981
3527,6.666
3528,6.386
3529,6.119
3530,5.863
3531,5.693
3532,5.535
3533,5.73
3534,6.755
3535,7.886
3536,8.932
3537,9.754
3538,10.461
3539,11.063
3540,11.548
3541,11.902
3542,12.124
3543,12.201
3544,12.126
3545,11.898
3546,11.519
3547,10.92
3548,9.872
3549,8.841
3550,8.429
3551,8.098
3552,7.837
3553,7.637
3554,7.523
3555,7.429
3556,7.37
3557,7.615
3558,8.325
3559,9.005
3560,9.73
3561,10.453
3562,11.025
3563,11.498
3564,11.901
3565,12.178
3566,12.365
3567,12.435
3568,12.416
3569,12.317
3570,12.111
3571,11.706
3572,11.039
3573,10.305
3574,9.935
3575,9.708
3576,9.475
3577,9.217
3578,8.968
3579,8.736
3580,8.5
3581,8.43
3582,8.724
3583,9.202
3584,9.883
3585,10.697
3586,11.504
3587,12.201
3588,12.718
3589,13.062
3590,13.223
3591,13.192
3592,12.943
3593,12.607
3594,12.148
3595,11.443
3596,10.462
3597,9.298
3598,8.545
3599,8.068
3600,7.653
3601,7.295
3602,7.09
3603,6.966
3604,6.856
3605,7.118
3606,8.054
3607,9.144
3608,10.469
3609,11.756
3610,12.784
3611,13.58
3612,14.247
3613,14.798
3614,15.119
3615,15.221
3616,15.13
3617,14.814
3618,14.261
3619,13.49
3620,12.326
3621,11.199
3622,10.591
3623,10.232
3624,9.966
3625,9.709
3626,9.499
3627,9.291
3628,9.258
3629,9.369
3630,9.76
3631,10.267
3632,10.834
3633,11.473
3634,11.976
3635,12.313
3636,12.571
3637,12.783
3638,12.94
3639,13.05
3640,13.15
3641,13.215
3642,13.131
3643,12.801
3644,11.986
3645,10.871
3646,10.302
3647,9.873
3648,9.425
3649,9.074
3650,8.827
3651,8.585
3652,8.319
3653,8.418
3654,9.621
3655,10.764
3656,12.117
3657,13.44
3658,14.624
3659,15.569
3660,16.261
3661,16.759
3662,17.065
3663,17.179
3664,17.135
3665,16.919
3666,16.476
3667,15.768
3668,14.319
3669,12.72
3670,11.8
3671,11.17
3672,10.619
3673,10.104
3674,9.66
3675,9.29
3676,9.023
3677,9.249
3678,10.687
3679,11.925
3680,13.708
3681,15.236
3682,16.281
3683,17.1
3684,17.758
3685,18.256
3686,18.557
3687,18.627
3688,18.441
3689,17.99
3690,17.272
3691,16.127
3692,14.346
3693,12.632
3694,11.736
3695,11.027
3696,10.39
3697,9.877
3698,9.446
3699,9.09
3700,8.788
3701,9.206
3702,10.444
3703,11.688
3704,13.394
3705,14.976
3706,16.463
3707,17.65
3708,18.491
3709,19.044
3710,19.356
3711,19.47
3712,19.373
3713,19.116
3714,18.662
3715,17.766
3716,16.127
3717,14.545
3718,13.714
3719,13.115
3720,12.582
3721,12.105
3722,11.684
3723,11.317
3724,11.018
3725,11.241
3726,12.559
3727,13.68
3728,15.316
3729,16.908
3730,17.869
3731,18.516
3732,19.039
3733,19.395
3734,19.495
3735,19.385
3736,19.134
3737,18.74
3738,18.117
3739,17.202
3740,16.046
3741,14.948
3742,14.181
3743,13.576
3744,13.067
3745,12.626
3746,12.263
3747,11.928
3748,11.628
3749,11.702
3750,12.274
3751,12.885
3752,13.671
3753,14.457
3754,15.121
3755,15.568
3756,15.828
3757,15.974
3758,15.97
3759,15.819
3760,15.546
3761,15.181
3762,14.736
3763,14.161
3764,13.286
3765,12.21
3766,11.618
3767,11.234
3768,10.924
3769,10.635
3770,10.389
3771,10.227
3772,10.128
3773,10.416
3774,11.184
3775,11.904
3776,12.648
3777,13.419
3778,14.094
3779,14.608
3780,14.876
3781,14.998
3782,15.037
3783,15.017
3784,14.856
3785,14.551
3786,14.12
3787,13.548
3788,12.828
3789,12.127
3790,11.741
3791,11.47
3792,11.258
3793,11.087
3794,10.952
3795,10.842
3796,10.756
3797,10.87
3798,11.228
3799,11.68
3800,12.257
3801,12.894
3802,13.509
3803,13.993
3804,14.409
3805,14.715
3806,14.859
3807,14.854
3808,14.734
3809,14.486
3810,14.113
3811,13.621
3812,12.777
3813,11.871
3814,11.511
3815,11.295
3816,11.096
3817,10.934
3818,10.807
3819,10.716
3820,10.621
3821,10.706
3822,11.205
3823,11.748
3824,12.459
3825,13.26
3826,14.002
3827,14.553
3828,14.911
3829,15.067
3830,15.069
3831,14.958
3832,14.77
3833,14.497
3834,14.087
3835,13.492
3836,12.592
3837,11.68
3838,11.25
3839,10.99
3840,10.759
3841,10.545
3842,10.373
3843,10.214
3844,10.051
3845,10.13
3846,10.592
3847,11.264
3848,12.065
3849,12.892
3850,13.661
3851,14.338
3852,14.875
3853,15.245
3854,15.413
3855,15.33
3856,15.111
3857,14.765
3858,14.227
3859,13.47
3860,12.496
3861,11.39
3862,10.656
3863,10.214
3864,9.873
3865,9.631
3866,9.437
3867,9.3
3868,9.159
3869,9.332
3870,9.915
3871,10.648
3872,11.524
3873,12.41
3874,13.263
3875,14.102
3876,14.825
3877,15.369
3878,15.658
3879,15.745
3880,15.653
3881,15.369
3882,14.854
3883,14.094
3884,12.968
3885,11.737
3886,11.037
3887,10.511
3888,10.07
3889,9.692
3890,9.356
3891,9.056
3892,8.787
3893,8.932
3894,9.649
3895,10.574
3896,11.493
3897,12.372
3898,13.137
3899,13.83
3900,14.443
3901,14.911
3902,15.205
3903,15.311
3904,15.176
3905,14.817
3906,14.251
3907,13.479
3908,12.299
3909,11.062
3910,10.37
3911,9.896
3912,9.503
3913,9.185
3914,9.05
3915,8.998
3916,8.919
3917,9.109
3918,9.781
3919,10.606
3920,11.586
3921,12.51
3922,13.354
3923,13.993
3924,14.386
3925,14.591
3926,14.623
3927,14.566
3928,14.337
3929,13.983
3930,13.546
3931,12.965
3932,12.193
3933,11.268
3934,10.648
3935,10.239
3936,9.9
3937,9.59
3938,9.321
3939,9.123
3940,8.963
3941,9.261
3942,10.008
3943,10.739
3944,11.586
3945,12.512
3946,13.353
3947,14.027
3948,14.539
3949,14.852
3950,14.998
3951,15.014
3952,14.845
3953,14.488
3954,13.937
3955,13.181
3956,12.15
3957,10.786
3958,9.897
3959,9.345
3960,8.891
3961,8.494
3962,8.159
3963,7.872
3964,7.623
3965,7.981
3966,9.094
3967,10.332
3968,11.507
3969,12.545
3970,13.48
3971,14.279
3972,14.947
3973,15.439
3974,15.707
3975,15.796
3976,15.701
3977,15.419
3978,14.946
3979,14.243
3980,13.068
3981,11.615
3982,10.841
3983,10.315
3984,9.868
3985,9.492
3986,9.183
3987,8.91
3988,8.708
3989,9.148
3990,10.403
3991,11.693
3992,12.992
3993,14.169
3994,15.22
3995,16.07
3996,16.722
3997,17.257
3998,17.587
3999,17.715
4000,17.616
4001,17.281
4002,16.764
4003,15.974
4004,14.576
4005,12.853
4006,11.903
4007,11.236
4008,10.642
4009,10.145
4010,9.78
4011,9.514
4012,9.297
4013,9.691
4014,10.815
4015,11.964
4016,13.356
4017,14.659
4018,15.869
4019,16.909
4020,17.717
4021,18.257
4022,18.549
4023,18.638
4024,18.533
4025,18.16
4026,17.546
4027,16.622
4028,15.099
4029,13.439
4030,12.534
4031,11.922
4032,11.418
4033,11.044
4034,10.735
4035,10.443
4036,10.162
4037,10.426
4038,11.195
4039,11.862
4040,12.756
4041,13.61
4042,14.36
4043,14.976
4044,15.425
4045,15.705
4046,15.845
4047,15.836
4048,15.58
4049,15.095
4050,14.407
4051,13.482
4052,12.248
4053,10.782
4054,9.853
4055,9.253
4056,8.724
4057,8.314
4058,8.028
4059,7.802
4060,7.574
4061,7.779
4062,8.405
4063,9.14
4064,9.904
4065,10.679
4066,11.397
4067,12.045
4068,12.588
4069,13.003
4070,13.262
4071,13.353
4072,13.301
4073,13.108
4074,12.719
4075,12.131
4076,11.203
4077,9.838
4078,8.916
4079,8.246
4080,7.651
4081,7.16
4082,6.797
4083,6.549
4084,6.432
4085,7.064
4086,8.566
4087,10.038
4088,11.349
4089,12.408
4090,13.347
4091,14.225
4092,14.977
4093,15.569
4094,15.964
4095,16.182
4096,16.233
4097,16.109
4098,15.76
4099,15.157
4100,14.088
4101,12.865
4102,12.151
4103,11.649
4104,11.214
4105,10.826
4106,10.46
4107,10.15
4108,9.934
4109,10.292
4110,11.452
4111,12.611
4112,14
4113,15.175
4114,16.277
4115,17.171
4116,17.837
4117,18.309
4118,18.593
4119,18.683
4120,18.662
4121,18.483
4122,18.116
4123,17.454
4124,16.107
4125,14.543
4126,13.565
4127,12.855
4128,12.236
4129,11.689
4130,11.233
4131,10.81
4132,10.452
4133,10.921
4134,12.433
4135,13.765
4136,15.39
4137,16.692
4138,17.751
4139,18.579
4140,19.17
4141,19.558
4142,19.765
4143,19.798
4144,19.654
4145,19.333
4146,18.788
4147,17.958
4148,16.459
4149,14.782
4150,13.904
4151,13.316
4152,12.814
4153,12.405
4154,12.046
4155,11.727
4156,11.483
4157,11.976
4158,13.186
4159,14.284
4160,15.634
4161,16.666
4162,17.484
4163,18.129
4164,18.545
4165,18.803
4166,18.931
4167,18.93
4168,18.786
4169,18.49
4170,18.04
4171,17.325
4172,16.141
4173,14.871
4174,14.078
4175,13.496
4176,12.994
4177,12.528
4178,12.128
4179,11.8
4180,11.548
4181,12.001
4182,12.983
4183,13.951
4184,15.089
4185,16.035
4186,16.764
4187,17.304
4188,17.673
4189,17.896
4190,17.988
4191,17.932
4192,17.773
4193,17.525
4194,17.091
4195,16.417
4196,15.312
4197,13.868
4198,13.026
4199,12.484
4200,12.007
4201,11.575
4202,11.194
4203,10.861
4204,10.609
4205,11.042
4206,12.213
4207,13.492
4208,14.969
4209,16.185
4210,17.129
4211,17.912
4212,18.595
4213,19.136
4214,19.468
4215,19.619
4216,19.578
4217,19.341
4218,18.894
4219,18.218
4220,17.06
4221,15.73
4222,14.873
4223,14.171
4224,13.537
4225,12.964
4226,12.464
4227,12.06
4228,11.781
4229,12.299
4230,13.478
4231,14.741
4232,16.463
4233,17.764
4234,18.79
4235,19.587
4236,20.137
4237,20.431
4238,20.565
4239,20.573
4240,20.495
4241,20.272
4242,19.802
4243,18.99
4244,17.581
4245,16.036
4246,15.122
4247,14.44
4248,13.855
4249,13.357
4250,12.929
4251,12.559
4252,12.304
4253,12.753
4254,14.019
4255,15.182
4256,16.708
4257,17.972
4258,18.912
4259,19.637
4260,20.178
4261,20.516
4262,20.627
4263,20.551
4264,20.369
4265,20.001
4266,19.437
4267,18.525
4268,17.126
4269,15.567
4270,14.686
4271,14.053
4272,13.464
4273,12.922
4274,12.409
4275,11.957
4276,11.57
4277,12.029
4278,13.311
4279,14.554
4280,15.857
4281,16.961
4282,17.933
4283,18.671
4284,19.171
4285,19.497
4286,19.673
4287,19.613
4288,19.326
4289,18.864
4290,18.258
4291,17.409
4292,16.281
4293,15.239
4294,14.699
4295,14.35
4296,14.027
4297,13.727
4298,13.468
4299,13.215
4300,13.029
4301,13.275
4302,13.924
4303,14.725
4304,15.707
4305,16.737
4306,17.69
4307,18.392
4308,18.851
4309,19.115
4310,19.157
4311,19.083
4312,18.873
4313,18.528
4314,17.991
4315,17.237
4316,16.162
4317,14.957
4318,14.234
4319,13.768
4320,13.374
4321,13.012
4322,12.678
4323,12.384
4324,12.1
4325,12.298
4326,13.305
4327,14.58
4328,15.992
4329,17.153
4330,18.119
4331,18.895
4332,19.507
4333,19.978
4334,20.255
4335,20.287
4336,20.091
4337,19.682
4338,19.046
4339,18.121
4340,16.832
4341,15.69
4342,15.111
4343,14.674
4344,14.332
4345,14.043
4346,13.771
4347,13.543
4348,13.422
4349,13.687
4350,14.209
4351,14.875
4352,15.581
4353,16.224
4354,16.89
4355,17.656
4356,18.44
4357,19.129
4358,19.677
4359,19.995
4360,20
4361,19.711
4362,19.137
4363,18.343
4364,17.323
4365,16.311
4366,15.765
4367,15.374
4368,15.017
4369,14.694
4370,14.369
4371,14.065
4372,13.807
4373,13.772
4374,14.197
4375,14.935
4376,15.839
4377,16.779
4378,17.689
4379,18.424
4380,18.968
4381,19.326
4382,19.503
4383,19.47
4384,19.256
4385,18.864
4386,18.283
4387,17.48
4388,16.339
4389,15.127
4390,14.418
4391,13.849
4392,13.3
4393,12.799
4394,12.331
4395,11.901
4396,11.528
4397,11.822
4398,12.892
4399,13.971
4400,15.034
4401,15.95
4402,16.671
4403,17.23
4404,17.62
4405,17.843
4406,17.946
4407,17.905
4408,17.789
4409,17.5
4410,17.042
4411,16.356
4412,15.195
4413,13.934
4414,13.371
4415,12.972
4416,12.682
4417,12.417
4418,12.169
4419,11.92
4420,11.705
4421,11.949
4422,12.712
4423,13.648
4424,14.582
4425,15.383
4426,16.178
4427,16.936
4428,17.617
4429,18.143
4430,18.311
4431,18.201
4432,17.921
4433,17.491
4434,16.916
4435,16.148
4436,15.151
4437,14.124
4438,13.538
4439,13.114
4440,12.693
4441,12.258
4442,11.891
4443,11.574
4444,11.316
4445,11.547
4446,12.352
4447,13.303
4448,14.221
4449,15.007
4450,15.635
4451,16.182
4452,16.633
4453,16.878
4454,16.926
4455,16.779
4456,16.474
4457,16.078
4458,15.549
4459,14.824
4460,13.775
4461,12.339
4462,11.517
4463,11.041
4464,10.634
4465,10.204
4466,9.862
4467,9.695
4468,9.574
4469,10.082
4470,11.236
4471,12.322
4472,13.333
4473,14.243
4474,15.176
4475,16.02
4476,16.722
4477,17.107
4478,17.113
4479,16.97
4480,16.731
4481,16.401
4482,15.944
4483,15.357
4484,14.682
4485,14.104
4486,13.89
4487,13.759
4488,13.645
4489,13.524
4490,13.369
4491,13.178
4492,13.002
4493,13.089
4494,13.63
4495,14.405
4496,15.205
4497,15.965
4498,16.675
4499,17.334
4500,17.843
4501,18.132
4502,18.264
4503,18.147
4504,17.887
4505,17.615
4506,17.178
4507,16.522
4508,15.614
4509,14.648
4510,14.085
4511,13.713
4512,13.367
4513,13.051
4514,12.791
4515,12.599
4516,12.402
4517,12.451
4518,12.917
4519,13.544
4520,14.34
4521,15.225
4522,16.181
4523,17.018
4524,17.623
4525,18.043
4526,18.338
4527,18.442
4528,18.328
4529,17.958
4530,17.361
4531,16.588
4532,15.619
4533,14.663
4534,14.124
4535,13.737
4536,13.374
4537,13.07
4538,12.774
4539,12.526
4540,12.4
4541,12.796
4542,13.73
4543,14.561
4544,15.669
4545,16.793
4546,17.875
4547,18.811
4548,19.45
4549,19.797
4550,19.902
4551,19.755
4552,19.376
4553,18.849
4554,18.193
4555,17.396
4556,16.309
4557,15.082
4558,14.467
4559,14.13
4560,13.848
4561,13.611
4562,13.378
4563,13.146
4564,12.907
4565,13.204
4566,14.127
4567,15.086
4568,16.09
4569,16.974
4570,17.713
4571,18.358
4572,18.89
4573,19.28
4574,19.489
4575,19.488
4576,19.353
4577,19.076
4578,18.626
4579,17.967
4580,17.079
4581,16.236
4582,15.905
4583,15.648
4584,15.387
4585,15.162
4586,14.962
4587,14.766
4588,14.55
4589,14.459
4590,14.705
4591,15.079
4592,15.403
4593,15.694
4594,15.982
4595,16.26
4596,16.548
4597,16.736
4598,16.851
4599,16.841
4600,16.711
4601,16.488
4602,16.165
4603,15.626
4604,14.539
4605,13.51
4606,13.084
4607,12.766
4608,12.401
4609,12.101
4610,11.832
4611,11.567
4612,11.353
4613,11.556
4614,12.365
4615,13.132
4616,14.044
4617,14.848
4618,15.601
4619,16.265
4620,16.71
4621,16.906
4622,16.917
4623,16.837
4624,16.738
4625,16.515
4626,16.116
4627,15.519
4628,14.667
4629,13.735
4630,13.202
4631,12.785
4632,12.43
4633,12.12
4634,11.821
4635,11.526
4636,11.239
4637,11.372
4638,12.259
4639,13.033
4640,13.881
4641,14.693
4642,15.372
4643,15.946
4644,16.392
4645,16.735
4646,16.947
4647,16.954
4648,16.772
4649,16.434
4650,15.92
4651,15.255
4652,14.447
4653,13.719
4654,13.337
4655,13.073
4656,12.914
4657,12.82
4658,12.794
4659,12.777
4660,12.765
4661,12.886
4662,13.243
4663,13.753
4664,14.404
4665,15.093
4666,15.766
4667,16.473
4668,17.14
4669,17.601
4670,17.72
4671,17.588
4672,17.334
4673,17.027
4674,16.59
4675,15.976
4676,15.197
4677,14.421
4678,13.978
4679,13.689
4680,13.446
4681,13.274
4682,13.149
4683,13.043
4684,12.944
4685,12.973
4686,13.329
4687,13.896
4688,14.598
4689,15.391
4690,16.093
4691,16.686
4692,17.137
4693,17.403
4694,17.49
4695,17.437
4696,17.26
4697,16.867
4698,16.257
4699,15.534
4700,14.756
4701,14.092
4702,13.697
4703,13.446
4704,13.23
4705,13.03
4706,12.786
4707,12.486
4708,12.131
4709,11.949
4710,12.255
4711,12.917
4712,13.717
4713,14.467
4714,15.035
4715,15.415
4716,15.745
4717,16.083
4718,16.293
4719,16.278
4720,16.111
4721,15.799
4722,15.35
4723,14.734
4724,13.81
4725,12.831
4726,12.401
4727,12.1
4728,11.806
4729,11.529
4730,11.271
4731,11.043
4732,10.819
4733,10.857
4734,11.415
4735,12.148
4736,12.912
4737,13.604
4738,14.175
4739,14.738
4740,15.277
4741,15.704
4742,15.993
4743,16.121
4744,16.082
4745,15.88
4746,15.513
4747,14.835
4748,13.533
4749,12.185
4750,11.716
4751,11.403
4752,11.164
4753,11.043
4754,11.055
4755,11.204
4756,11.42
4757,11.791
4758,12.487
4759,13.326
4760,14.321
4761,15.424
4762,16.516
4763,17.471
4764,18.225
4765,18.631
4766,18.761
4767,18.753
4768,18.626
4769,18.352
4770,17.908
4771,17.244
4772,16.218
4773,15.119
4774,14.567
4775,14.176
4776,13.867
4777,13.63
4778,13.434
4779,13.258
4780,13.102
4781,13.229
4782,13.973
4783,14.751
4784,15.83
4785,17.044
4786,18.21
4787,19.176
4788,19.894
4789,20.382
4790,20.619
4791,20.542
4792,20.214
4793,19.686
4794,18.965
4795,18.026
4796,16.974
4797,16.098
4798,15.591
4799,15.226
4800,14.917
4801,14.638
4802,14.382
4803,14.154
4804,13.945
4805,13.917
4806,14.482
4807,15.165
4808,16.055
4809,17.047
4810,17.962
4811,18.596
4812,18.991
4813,19.246
4814,19.395
4815,19.347
4816,19.097
4817,18.629
4818,17.935
4819,17.097
4820,16.27
4821,15.519
4822,15.031
4823,14.594
4824,14.191
4825,13.867
4826,13.564
4827,13.277
4828,13.006
4829,12.937
4830,13.558
4831,14.216
4832,14.965
4833,15.732
4834,16.405
4835,16.972
4836,17.392
4837,17.634
4838,17.667
4839,17.487
4840,17.179
4841,16.755
4842,16.193
4843,15.452
4844,14.307
4845,13.23
4846,12.741
4847,12.295
4848,11.839
4849,11.43
4850,11.075
4851,10.791
4852,10.551
4853,10.608
4854,11.514
4855,12.376
4856,13.217
4857,14.04
4858,14.778
4859,15.377
4860,15.822
4861,16.133
4862,16.293
4863,16.269
4864,16.156
4865,15.896
4866,15.424
4867,14.746
4868,13.679
4869,12.479
4870,11.822
4871,11.313
4872,10.906
4873,10.584
4874,10.332
4875,10.113
4876,9.902
4877,9.962
4878,11.032
4879,12.224
4880,13.406
4881,14.553
4882,15.507
4883,16.246
4884,16.818
4885,17.263
4886,17.515
4887,17.55
4888,17.384
4889,17.079
4890,16.586
4891,15.86
4892,14.586
4893,13.333
4894,12.65
4895,12.112
4896,11.67
4897,11.306
4898,10.975
4899,10.683
4900,10.464
4901,10.596
4902,11.973
4903,13.172
4904,14.513
4905,15.55
4906,16.356
4907,17.028
4908,17.539
4909,17.897
4910,18.021
4911,17.957
4912,17.786
4913,17.506
4914,17.091
4915,16.504
4916,15.63
4917,14.741
4918,14.322
4919,14.001
4920,13.778
4921,13.591
4922,13.433
4923,13.289
4924,13.151
4925,13.182
4926,13.844
4927,14.547
4928,15.419
4929,16.36
4930,17.256
4931,18.003
4932,18.567
4933,18.917
4934,19.055
4935,18.974
4936,18.727
4937,18.315
4938,17.715
4939,16.943
4940,15.848
4941,14.867
4942,14.44
4943,14.1
4944,13.791
4945,13.513
4946,13.265
4947,13.084
4948,12.953
4949,13.029
4950,13.862
4951,14.747
4952,15.708
4953,16.646
4954,17.347
4955,17.942
4956,18.518
4957,18.945
4958,19.176
4959,19.283
4960,19.313
4961,19.193
4962,18.815
4963,18.197
4964,17.213
4965,16.332
4966,15.897
4967,15.556
4968,15.252
4969,14.946
4970,14.663
4971,14.426
4972,14.192
4973,14.134
4974,14.764
4975,15.29
4976,16.001
4977,16.726
4978,17.348
4979,17.819
4980,18.21
4981,18.53
4982,18.687
4983,18.644
4984,18.457
4985,18.075
4986,17.459
4987,16.612
4988,15.422
4989,14.307
4990,13.758
4991,13.28
4992,12.852
4993,12.516
4994,12.264
4995,12.052
4996,11.87
4997,11.892
4998,12.747
4999,13.608
5000,14.565
5001,15.373
5002,16.058
5003,16.648
5004,17.115
5005,17.441
5006,17.594
5007,17.561
5008,17.356
5009,16.971
5010,16.437
5011,15.704
5012,14.609
5013,13.519
5014,13.041
5015,12.636
5016,12.268
5017,11.958
5018,11.685
5019,11.45
5020,11.264
5021,11.261
5022,12.176
5023,13.196
5024,14.164
5025,15.113
5026,15.966
5027,16.646
5028,17.222
5029,17.619
5030,17.785
5031,17.72
5032,17.467
5033,16.998
5034,16.347
5035,15.55
5036,14.555
5037,13.518
5038,12.871
5039,12.359
5040,11.967
5041,11.628
5042,11.344
5043,11.11
5044,10.935
5045,10.941
5046,12.068
5047,13.218
5048,14.467
5049,15.647
5050,16.602
5051,17.323
5052,17.81
5053,18.069
5054,18.114
5055,17.998
5056,17.815
5057,17.575
5058,17.185
5059,16.578
5060,15.726
5061,14.999
5062,14.59
5063,14.277
5064,13.995
5065,13.737
5066,13.489
5067,13.255
5068,13.016
5069,12.816
5070,13.358
5071,13.995
5072,14.733
5073,15.583
5074,16.343
5075,16.873
5076,17.231
5077,17.508
5078,17.685
5079,17.713
5080,17.524
5081,17.129
5082,16.566
5083,15.821
5084,14.69
5085,13.74
5086,13.381
5087,13.076
5088,12.766
5089,12.497
5090,12.273
5091,12.106
5092,11.953
5093,11.886
5094,12.675
5095,13.503
5096,14.388
5097,15.248
5098,15.999
5099,16.645
5100,17.15
5101,17.493
5102,17.589
5103,17.515
5104,17.273
5105,16.924
5106,16.424
5107,15.683
5108,14.433
5109,13.383
5110,12.925
5111,12.526
5112,12.137
5113,11.786
5114,11.458
5115,11.171
5116,10.943
5117,10.857
5118,11.842
5119,12.899
5120,13.995
5121,14.991
5122,15.788
5123,16.452
5124,16.973
5125,17.294
5126,17.373
5127,17.252
5128,16.981
5129,16.595
5130,16.086
5131,15.375
5132,14.238
5133,13.266
5134,12.714
5135,12.217
5136,11.808
5137,11.503
5138,11.253
5139,11.054
5140,10.944
5141,10.948
5142,11.996
5143,13.141
5144,14.379
5145,15.466
5146,16.358
5147,17.023
5148,17.541
5149,17.834
5150,17.766
5151,17.45
5152,17.044
5153,16.571
5154,15.999
5155,15.258
5156,14.292
5157,13.5
5158,13.121
5159,12.818
5160,12.514
5161,12.279
5162,12.079
5163,11.906
5164,11.707
5165,11.568
5166,12.049
5167,12.67
5168,13.295
5169,13.992
5170,14.706
5171,15.371
5172,15.895
5173,16.248
5174,16.421
5175,16.443
5176,16.268
5177,15.912
5178,15.378
5179,14.58
5180,13.338
5181,12.397
5182,11.939
5183,11.579
5184,11.281
5185,11.02
5186,10.788
5187,10.578
5188,10.378
5189,10.235
5190,11.054
5191,12.192
5192,13.394
5193,14.422
5194,15.231
5195,15.936
5196,16.544
5197,16.957
5198,17.129
5199,17.099
5200,16.859
5201,16.438
5202,15.895
5203,15.116
5204,13.684
5205,12.669
5206,12.216
5207,11.797
5208,11.451
5209,11.195
5210,11.024
5211,10.979
5212,11.024
5213,11.191
5214,12.065
5215,12.949
5216,13.903
5217,14.725
5218,15.366
5219,15.962
5220,16.599
5221,17.184
5222,17.552
5223,17.641
5224,17.44
5225,17.012
5226,16.508
5227,15.92
5228,15.126
5229,14.481
5230,14.202
5231,13.988
5232,13.775
5233,13.547
5234,13.3
5235,13.05
5236,12.815
5237,12.623
5238,13.327
5239,14.265
5240,15.238
5241,16.26
5242,17.174
5243,17.893
5244,18.384
5245,18.667
5246,18.76
5247,18.599
5248,18.315
5249,17.861
5250,17.244
5251,16.392
5252,15.064
5253,14.076
5254,13.534
5255,13.061
5256,12.637
5257,12.277
5258,11.991
5259,11.752
5260,11.528
5261,11.36
5262,12.137
5263,13.22
5264,14.217
5265,15.203
5266,16.155
5267,17.012
5268,17.691
5269,18.163
5270,18.378
5271,18.342
5272,18.143
5273,17.776
5274,17.207
5275,16.31
5276,15.024
5277,14.209
5278,13.773
5279,13.376
5280,12.985
5281,12.688
5282,12.463
5283,12.286
5284,12.136
5285,12.042
5286,12.619
5287,13.518
5288,14.646
5289,15.646
5290,16.482
5291,17.217
5292,17.81
5293,18.229
5294,18.484
5295,18.508
5296,18.336
5297,17.911
5298,17.235
5299,16.251
5300,14.896
5301,13.944
5302,13.4
5303,13.005
5304,12.655
5305,12.362
5306,12.124
5307,11.941
5308,11.782
5309,11.632
5310,12.153
5311,12.873
5312,13.479
5313,14.132
5314,14.842
5315,15.501
5316,16.052
5317,16.475
5318,16.741
5319,16.831
5320,16.731
5321,16.412
5322,15.859
5323,14.974
5324,13.505
5325,12.573
5326,12.085
5327,11.699
5328,11.369
5329,11.103
5330,10.872
5331,10.669
5332,10.52
5333,10.448
5334,11.344
5335,12.574
5336,13.776
5337,14.814
5338,15.629
5339,16.245
5340,16.694
5341,17.002
5342,17.125
5343,17.044
5344,16.815
5345,16.437
5346,15.878
5347,15.026
5348,13.773
5349,12.994
5350,12.572
5351,12.231
5352,11.946
5353,11.694
5354,11.471
5355,11.275
5356,11.119
5357,10.974
5358,11.543
5359,12.512
5360,13.581
5361,14.527
5362,15.302
5363,15.926
5364,16.326
5365,16.573
5366,16.664
5367,16.595
5368,16.358
5369,15.976
5370,15.45
5371,14.637
5372,13.37
5373,12.652
5374,12.315
5375,12.054
5376,11.837
5377,11.659
5378,11.502
5379,11.402
5380,11.305
5381,11.189
5382,11.532
5383,12.377
5384,13.334
5385,14.206
5386,14.949
5387,15.547
5388,15.916
5389,16.023
5390,15.98
5391,15.837
5392,15.595
5393,15.183
5394,14.607
5395,13.851
5396,12.969
5397,12.411
5398,12.063
5399,11.795
5400,11.596
5401,11.408
5402,11.267
5403,11.206
5404,11.133
5405,11.06
5406,11.403
5407,12.164
5408,13.01
5409,13.969
5410,14.975
5411,15.889
5412,16.583
5413,17.021
5414,17.273
5415,17.319
5416,17.231
5417,17
5418,16.53
5419,15.593
5420,14.063
5421,13.226
5422,12.681
5423,12.18
5424,11.777
5425,11.489
5426,11.301
5427,11.191
5428,11.106
5429,11.046
5430,11.648
5431,13.015
5432,14.289
5433,15.716
5434,16.981
5435,17.941
5436,18.664
5437,19.157
5438,19.398
5439,19.4
5440,19.189
5441,18.751
5442,18.011
5443,16.761
5444,14.981
5445,13.905
5446,13.171
5447,12.548
5448,12.076
5449,11.719
5450,11.432
5451,11.202
5452,11.014
5453,10.873
5454,11.352
5455,12.602
5456,13.928
5457,15.31
5458,16.414
5459,17.296
5460,17.957
5461,18.365
5462,18.535
5463,18.447
5464,18.165
5465,17.667
5466,16.927
5467,15.89
5468,14.836
5469,14.344
5470,14.004
5471,13.774
5472,13.609
5473,13.472
5474,13.378
5475,13.299
5476,13.19
5477,13.056
5478,13.21
5479,13.815
5480,14.558
5481,15.341
5482,16.119
5483,16.843
5484,17.521
5485,18.054
5486,18.242
5487,18.126
5488,17.734
5489,17.136
5490,16.368
5491,15.271
5492,13.84
5493,12.954
5494,12.325
5495,11.77
5496,11.273
5497,10.864
5498,10.55
5499,10.32
5500,10.138
5501,9.995
5502,10.41
5503,11.654
5504,12.99
5505,14.211
5506,15.163
5507,15.878
5508,16.382
5509,16.704
5510,16.847
5511,16.775
5512,16.511
5513,16.149
5514,15.601
5515,14.569
5516,12.959
5517,12.271
5518,11.904
5519,11.636
5520,11.414
5521,11.23
5522,11.052
5523,10.894
5524,10.69
5525,10.441
5526,10.928
5527,12.272
5528,13.514
5529,14.73
5530,15.741
5531,16.487
5532,17.004
5533,17.369
5534,17.568
5535,17.493
5536,17.148
5537,16.66
5538,16.037
5539,15.247
5540,14.437
5541,14.139
5542,14.052
5543,13.99
5544,13.964
5545,13.996
5546,14.053
5547,14.126
5548,14.268
5549,14.443
5550,14.814
5551,15.484
5552,16.33
5553,17.329
5554,18.292
5555,19.22
5556,20.027
5557,20.564
5558,20.789
5559,20.644
5560,20.243
5561,19.646
5562,18.789
5563,17.706
5564,16.628
5565,15.947
5566,15.515
5567,15.16
5568,14.878
5569,14.651
5570,14.479
5571,14.335
5572,14.215
5573,14.14
5574,14.261
5575,14.861
5576,15.725
5577,16.768
5578,17.712
5579,18.412
5580,18.921
5581,19.215
5582,19.25
5583,18.992
5584,18.513
5585,17.936
5586,17.285
5587,16.453
5588,15.457
5589,14.885
5590,14.488
5591,14.097
5592,13.811
5593,13.539
5594,13.275
5595,13.023
5596,12.729
5597,12.434
5598,12.562
5599,13.558
5600,14.495
5601,15.506
5602,16.4
5603,17.1
5604,17.655
5605,18.106
5606,18.363
5607,18.364
5608,18.105
5609,17.633
5610,16.925
5611,15.897
5612,14.937
5613,14.487
5614,13.977
5615,13.584
5616,13.327
5617,13.196
5618,13.13
5619,13.056
5620,12.948
5621,12.822
5622,12.852
5623,13.444
5624,14.122
5625,14.903
5626,15.569
5627,16.071
5628,16.343
5629,16.361
5630,16.133
5631,15.734
5632,15.329
5633,14.905
5634,14.352
5635,13.522
5636,12.537
5637,11.95
5638,11.564
5639,11.266
5640,11.001
5641,10.771
5642,10.573
5643,10.404
5644,10.294
5645,10.223
5646,10.358
5647,11.08
5648,12.035
5649,12.901
5650,13.655
5651,14.284
5652,14.789
5653,15.202
5654,15.471
5655,15.563
5656,15.466
5657,15.121
5658,14.499
5659,13.502
5660,12.164
5661,11.485
5662,11.035
5663,10.651
5664,10.339
5665,10.086
5666,9.903
5667,9.753
5668,9.618
5669,9.489
5670,9.699
5671,10.89
5672,11.985
5673,13.003
5674,13.825
5675,14.437
5676,14.825
5677,15.055
5678,15.201
5679,15.25
5680,15.092
5681,14.715
5682,14.184
5683,13.485
5684,12.74
5685,12.424
5686,12.193
5687,11.995
5688,11.799
5689,11.605
5690,11.4
5691,11.274
5692,11.192
5693,11.116
5694,11.22
5695,12.054
5696,12.91
5697,13.835
5698,14.723
5699,15.406
5700,15.798
5701,15.948
5702,15.939
5703,15.788
5704,15.439
5705,14.906
5706,14.261
5707,13.41
5708,12.409
5709,11.858
5710,11.414
5711,11.063
5712,10.74
5713,10.438
5714,10.136
5715,9.867
5716,9.601
5717,9.365
5718,9.359
5719,10.37
5720,11.502
5721,12.636
5722,13.633
5723,14.433
5724,14.981
5725,15.282
5726,15.398
5727,15.33
5728,15.11
5729,14.707
5730,14.061
5731,12.857
5732,11.6
5733,11.146
5734,10.766
5735,10.402
5736,10.083
5737,9.852
5738,9.668
5739,9.504
5740,9.385
5741,9.312
5742,9.515
5743,10.773
5744,12.038
5745,13.092
5746,13.841
5747,14.434
5748,14.846
5749,15.105
5750,15.212
5751,15.156
5752,14.943
5753,14.542
5754,13.923
5755,13.011
5756,12.066
5757,11.672
5758,11.451
5759,11.339
5760,11.277
5761,11.206
5762,11.109
5763,10.96
5764,10.774
5765,10.552
5766,10.384
5767,10.675
5768,11.3
5769,11.983
5770,12.647
5771,13.236
5772,13.665
5773,14.008
5774,14.198
5775,14.248
5776,14.061
5777,13.623
5778,12.882
5779,11.725
5780,10.484
5781,9.898
5782,9.439
5783,9.062
5784,8.674
5785,8.353
5786,8.075
5787,7.807
5788,7.56
5789,7.331
5790,7.323
5791,8.655
5792,10.351
5793,11.838
5794,12.982
5795,13.941
5796,14.719
5797,15.313
5798,15.684
5799,15.828
5800,15.699
5801,15.299
5802,14.532
5803,12.886
5804,11.462
5805,10.818
5806,10.239
5807,9.684
5808,9.23
5809,8.817
5810,8.431
5811,8.087
5812,7.859
5813,7.693
5814,7.78
5815,9.386
5816,11.045
5817,12.833
5818,14.289
5819,15.308
5820,16.091
5821,16.648
5822,16.959
5823,17.013
5824,16.838
5825,16.456
5826,15.742
5827,14.142
5828,12.894
5829,12.251
5830,11.637
5831,11.046
5832,10.585
5833,10.218
5834,9.93
5835,9.698
5836,9.496
5837,9.3
5838,9.235
5839,10.361
5840,11.814
5841,13.613
5842,15.268
5843,16.208
5844,16.882
5845,17.35
5846,17.622
5847,17.672
5848,17.522
5849,17.179
5850,16.397
5851,14.728
5852,13.518
5853,12.869
5854,12.309
5855,11.818
5856,11.406
5857,11.07
5858,10.771
5859,10.492
5860,10.243
5861,9.979
5862,9.836
5863,11.115
5864,12.558
5865,14.128
5866,15.658
5867,16.759
5868,17.567
5869,18.115
5870,18.424
5871,18.487
5872,18.317
5873,17.85
5874,16.86
5875,14.762
5876,13.225
5877,12.526
5878,11.895
5879,11.319
5880,10.841
5881,10.464
5882,10.154
5883,9.913
5884,9.73
5885,9.596
5886,9.626
5887,11.228
5888,12.794
5889,14.374
5890,15.926
5891,17.094
5892,17.921
5893,18.491
5894,18.816
5895,18.877
5896,18.658
5897,18.132
5898,17.11
5899,15.096
5900,13.676
5901,13.014
5902,12.448
5903,11.978
5904,11.55
5905,11.188
5906,10.895
5907,10.682
5908,10.532
5909,10.413
5910,10.443
5911,11.825
5912,13.174
5913,14.715
5914,16.01
5915,16.891
5916,17.493
5917,17.82
5918,17.903
5919,17.757
5920,17.395
5921,16.815
5922,15.929
5923,14.861
5924,14.255
5925,13.97
5926,13.69
5927,13.402
5928,13.144
5929,12.921
5930,12.683
5931,12.475
5932,12.309
5933,12.224
5934,12.217
5935,12.818
5936,13.678
5937,14.736
5938,15.628
5939,16.372
5940,16.956
5941,17.345
5942,17.539
5943,17.509
5944,17.259
5945,16.747
5946,15.927
5947,14.927
5948,14.266
5949,13.897
5950,13.636
5951,13.39
5952,13.17
5953,12.929
5954,12.698
5955,12.529
5956,12.416
5957,12.359
5958,12.371
5959,12.813
5960,13.661
5961,14.669
5962,15.482
5963,16.078
5964,16.477
5965,16.655
5966,16.612
5967,16.365
5968,15.912
5969,15.295
5970,14.624
5971,14.002
5972,13.569
5973,13.297
5974,13.041
5975,12.829
5976,12.67
5977,12.536
5978,12.414
5979,12.246
5980,12.05
5981,11.862
5982,11.721
5983,12.32
5984,13.101
5985,13.947
5986,14.734
5987,15.376
5988,15.769
5989,15.97
5990,16.046
5991,15.956
5992,15.742
5993,15.408
5994,14.77
5995,13.756
5996,13.202
5997,12.924
5998,12.632
5999,12.368
6000,12.144
6001,11.941
6002,11.735
6003,11.539
6004,11.374
6005,11.223
6006,11.136
6007,11.882
6008,12.942
6009,13.986
6010,14.962
6011,15.733
6012,16.311
6013,16.688
6014,16.871
6015,16.861
6016,16.682
6017,16.299
6018,15.535
6019,14.267
6020,13.478
6021,12.993
6022,12.492
6023,12.027
6024,11.625
6025,11.292
6026,11.03
6027,10.795
6028,10.557
6029,10.331
6030,10.207
6031,11.476
6032,13.108
6033,14.511
6034,15.779
6035,16.749
6036,17.387
6037,17.731
6038,17.85
6039,17.729
6040,17.415
6041,16.912
6042,16.047
6043,14.332
6044,13.27
6045,12.796
6046,12.399
6047,12.126
6048,11.97
6049,11.937
6050,12.015
6051,12.169
6052,12.384
6053,12.686
6054,12.997
6055,13.543
6056,14.443
6057,15.578
6058,16.728
6059,17.701
6060,18.405
6061,18.781
6062,18.854
6063,18.632
6064,18.24
6065,17.633
6066,16.802
6067,15.756
6068,15.001
6069,14.623
6070,14.383
6071,14.161
6072,13.963
6073,13.774
6074,13.623
6075,13.517
6076,13.467
6077,13.472
6078,13.471
6079,13.833
6080,14.506
6081,15.204
6082,15.878
6083,16.471
6084,16.9
6085,17.121
6086,17.158
6087,17.023
6088,16.697
6089,16.126
6090,15.197
6091,13.722
6092,12.84
6093,12.417
6094,12.074
6095,11.775
6096,11.506
6097,11.24
6098,10.98
6099,10.755
6100,10.556
6101,10.409
6102,10.261
6103,10.911
6104,12.033
6105,13.202
6106,14.232
6107,15.034
6108,15.582
6109,15.902
6110,16.035
6111,15.955
6112,15.644
6113,15.11
6114,14.199
6115,12.678
6116,12.088
6117,11.887
6118,11.755
6119,11.622
6120,11.512
6121,11.435
6122,11.418
6123,11.435
6124,11.498
6125,11.638
6126,11.866
6127,12.379
6128,13.03
6129,13.844
6130,14.619
6131,15.236
6132,15.875
6133,16.472
6134,16.761
6135,16.733
6136,16.518
6137,16.283
6138,15.999
6139,15.573
6140,15.155
6141,14.761
6142,14.433
6143,14.189
6144,14.001
6145,13.876
6146,13.79
6147,13.742
6148,13.704
6149,13.612
6150,13.497
6151,13.54
6152,13.843
6153,14.222
6154,14.553
6155,14.864
6156,15.045
6157,15.06
6158,14.955
6159,14.641
6160,14.209
6161,13.634
6162,12.821
6163,11.906
6164,11.332
6165,10.944
6166,10.611
6167,10.318
6168,10.041
6169,9.787
6170,9.619
6171,9.61
6172,9.648
6173,9.674
6174,9.685
6175,10.01
6176,10.851
6177,11.892
6178,12.718
6179,13.339
6180,13.743
6181,13.941
6182,14.078
6183,14.055
6184,13.794
6185,13.337
6186,12.654
6187,11.722
6188,11.138
6189,10.724
6190,10.484
6191,10.317
6192,10.179
6193,10.042
6194,9.87
6195,9.713
6196,9.584
6197,9.456
6198,9.358
6199,9.606
6200,10.441
6201,11.423
6202,12.329
6203,13.019
6204,13.485
6205,13.749
6206,13.835
6207,13.735
6208,13.426
6209,12.903
6210,11.996
6211,10.65
6212,9.983
6213,9.557
6214,9.203
6215,8.891
6216,8.618
6217,8.373
6218,8.208
6219,8.077
6220,7.915
6221,7.75
6222,7.587
6223,7.831
6224,8.857
6225,10.001
6226,10.93
6227,11.669
6228,12.251
6229,12.683
6230,12.901
6231,12.88
6232,12.623
6233,12.091
6234,11.058
6235,9.732
6236,9.256
6237,8.963
6238,8.704
6239,8.407
6240,8.134
6241,7.883
6242,7.65
6243,7.424
6244,7.322
6245,7.31
6246,7.358
6247,7.929
6248,9.274
6249,10.684
6250,11.837
6251,12.541
6252,13.045
6253,13.384
6254,13.571
6255,13.545
6256,13.35
6257,12.89
6258,12.036
6259,10.992
6260,10.654
6261,10.449
6262,10.364
6263,10.347
6264,10.352
6265,10.357
6266,10.387
6267,10.414
6268,10.457
6269,10.516
6270,10.59
6271,10.803
6272,11.362
6273,12.072
6274,12.862
6275,13.661
6276,14.356
6277,14.863
6278,15.108
6279,15.11
6280,14.915
6281,14.519
6282,13.89
6283,13.228
6284,13.013
6285,12.885
6286,12.77
6287,12.674
6288,12.559
6289,12.42
6290,12.268
6291,12.114
6292,12.002
6293,11.937
6294,11.864
6295,12.013
6296,12.772
6297,13.694
6298,14.664
6299,15.506
6300,16.143
6301,16.576
6302,16.796
6303,16.796
6304,16.535
6305,15.94
6306,14.719
6307,13.004
6308,12.393
6309,12.042
6310,11.75
6311,11.52
6312,11.344
6313,11.207
6314,11.103
6315,11.044
6316,11.032
6317,11.062
6318,11.049
6319,11.306
6320,12.625
6321,13.687
6322,14.999
6323,16.032
6324,16.806
6325,17.333
6326,17.589
6327,17.586
6328,17.32
6329,16.747
6330,15.646
6331,14.499
6332,14.07
6333,13.746
6334,13.424
6335,13.165
6336,12.927
6337,12.736
6338,12.539
6339,12.393
6340,12.225
6341,12.079
6342,11.977
6343,12.244
6344,13.246
6345,14.141
6346,15.328
6347,16.355
6348,16.989
6349,17.32
6350,17.454
6351,17.337
6352,16.951
6353,16.313
6354,15.393
6355,14.575
6356,14.209
6357,13.919
6358,13.688
6359,13.473
6360,13.264
6361,13.089
6362,12.933
6363,12.789
6364,12.624
6365,12.441
6366,12.274
6367,12.281
6368,12.852
6369,13.414
6370,13.953
6371,14.404
6372,14.69
6373,14.768
6374,14.674
6375,14.448
6376,14.086
6377,13.558
6378,12.723
6379,11.855
6380,11.439
6381,11.091
6382,10.806
6383,10.546
6384,10.277
6385,9.996
6386,9.722
6387,9.47
6388,9.229
6389,9.005
6390,8.803
6391,8.751
6392,9.149
6393,9.651
6394,10.166
6395,10.674
6396,11.067
6397,11.268
6398,11.325
6399,11.231
6400,10.942
6401,10.437
6402,9.602
6403,8.486
6404,7.882
6405,7.357
6406,6.898
6407,6.499
6408,6.134
6409,5.828
6410,5.581
6411,5.384
6412,5.251
6413,5.128
6414,5.024
6415,5.156
6416,6.349
6417,7.776
6418,9.057
6419,9.958
6420,10.684
6421,11.216
6422,11.519
6423,11.55
6424,11.328
6425,10.778
6426,9.597
6427,8.223
6428,7.8
6429,7.443
6430,7.125
6431,6.773
6432,6.449
6433,6.202
6434,6.003
6435,5.912
6436,5.892
6437,5.883
6438,5.846
6439,6.02
6440,7.25
6441,8.713
6442,10.021
6443,10.967
6444,11.628
6445,12.062
6446,12.271
6447,12.268
6448,12.025
6449,11.54
6450,10.552
6451,9.51
6452,9.174
6453,8.929
6454,8.736
6455,8.497
6456,8.304
6457,8.178
6458,8.107
6459,8.089
6460,8.109
6461,8.119
6462,8.152
6463,8.321
6464,9.28
6465,10.409
6466,11.352
6467,12.175
6468,12.789
6469,13.206
6470,13.444
6471,13.499
6472,13.351
6473,12.982
6474,12.255
6475,11.571
6476,11.354
6477,11.179
6478,11.045
6479,10.951
6480,10.851
6481,10.742
6482,10.642
6483,10.552
6484,10.489
6485,10.403
6486,10.353
6487,10.455
6488,11.291
6489,12.094
6490,12.944
6491,13.67
6492,14.3
6493,14.763
6494,15.047
6495,15.126
6496,14.956
6497,14.494
6498,13.586
6499,12.854
6500,12.645
6501,12.489
6502,12.336
6503,12.223
6504,12.157
6505,12.143
6506,12.145
6507,12.146
6508,12.134
6509,12.104
6510,12.079
6511,12.097
6512,12.418
6513,12.87
6514,13.311
6515,13.693
6516,14.032
6517,14.318
6518,14.454
6519,14.391
6520,14.096
6521,13.511
6522,12.463
6523,11.376
6524,10.86
6525,10.372
6526,9.928
6527,9.528
6528,9.146
6529,8.798
6530,8.502
6531,8.248
6532,8.02
6533,7.853
6534,7.745
6535,7.843
6536,9.134
6537,10.511
6538,11.841
6539,12.916
6540,13.64
6541,14.068
6542,14.263
6543,14.23
6544,13.967
6545,13.346
6546,12.044
6547,11.092
6548,10.841
6549,10.609
6550,10.407
6551,10.275
6552,10.221
6553,10.251
6554,10.319
6555,10.393
6556,10.533
6557,10.731
6558,10.947
6559,11.203
6560,11.742
6561,12.46
6562,13.14
6563,13.643
6564,13.926
6565,14.062
6566,14.108
6567,14.072
6568,13.914
6569,13.527
6570,12.668
6571,11.656
6572,10.994
6573,10.357
6574,9.851
6575,9.436
6576,8.966
6577,8.529
6578,8.236
6579,8.1
6580,8.076
6581,8.054
6582,8.083
6583,8.322
6584,9.319
6585,10.553
6586,12.016
6587,13.184
6588,13.761
6589,13.977
6590,13.96
6591,13.689
6592,13.225
6593,12.638
6594,12.027
6595,11.728
6596,11.637
6597,11.539
6598,11.499
6599,11.501
6600,11.503
6601,11.485
6602,11.466
6603,11.489
6604,11.482
6605,11.525
6606,11.59
6607,11.614
6608,11.86
6609,12.309
6610,12.767
6611,13.154
6612,13.439
6613,13.633
6614,13.775
6615,13.802
6616,13.597
6617,13.103
6618,11.909
6619,10.961
6620,10.64
6621,10.409
6622,10.243
6623,10.108
6624,9.977
6625,9.878
6626,9.723
6627,9.574
6628,9.476
6629,9.4
6630,9.318
6631,9.263
6632,10.033
6633,11.108
6634,12.275
6635,13.419
6636,14.31
6637,14.873
6638,15.121
6639,15.061
6640,14.709
6641,13.989
6642,12.648
6643,11.916
6644,11.666
6645,11.463
6646,11.372
6647,11.383
6648,11.387
6649,11.376
6650,11.288
6651,11.179
6652,11.161
6653,11.198
6654,11.237
6655,11.275
6656,11.579
6657,12.155
6658,12.892
6659,13.669
6660,14.223
6661,14.4
6662,14.364
6663,14.28
6664,14.035
6665,13.374
6666,12.395
6667,11.857
6668,11.581
6669,11.354
6670,11.142
6671,10.916
6672,10.783
6673,10.725
6674,10.659
6675,10.621
6676,10.558
6677,10.512
6678,10.443
6679,10.363
6680,10.589
6681,11.085
6682,11.693
6683,12.407
6684,13.116
6685,13.633
6686,13.867
6687,13.877
6688,13.636
6689,13.01
6690,11.765
6691,10.896
6692,10.48
6693,10.122
6694,9.839
6695,9.601
6696,9.388
6697,9.181
6698,9.029
6699,8.936
6700,8.853
6701,8.785
6702,8.727
6703,8.779
6704,9.96
6705,11.305
6706,12.645
6707,13.749
6708,14.511
6709,15.067
6710,15.402
6711,15.441
6712,15.099
6713,14.097
6714,12.377
6715,11.688
6716,11.49
6717,11.331
6718,11.247
6719,11.199
6720,11.237
6721,11.323
6722,11.365
6723,11.423
6724,11.508
6725,11.605
6726,11.71
6727,11.817
6728,12.302
6729,13.172
6730,14.25
6731,15.349
6732,16.251
6733,16.817
6734,17.05
6735,16.978
6736,16.575
6737,15.752
6738,14.58
6739,13.812
6740,13.372
6741,13.065
6742,12.859
6743,12.703
6744,12.569
6745,12.444
6746,12.342
6747,12.264
6748,12.16
6749,12.054
6750,11.959
6751,11.865
6752,12.101
6753,12.71
6754,13.418
6755,14.178
6756,14.9
6757,15.384
6758,15.506
6759,15.281
6760,14.708
6761,13.75
6762,12.54
6763,11.81
6764,11.371
6765,11.053
6766,10.845
6767,10.72
6768,10.63
6769,10.566
6770,10.52
6771,10.505
6772,10.533
6773,10.547
6774,10.555
6775,10.548
6776,10.958
6777,11.772
6778,12.767
6779,13.803
6780,14.713
6781,15.323
6782,15.599
6783,15.507
6784,15.004
6785,13.88
6786,11.938
6787,10.979
6788,10.43
6789,9.945
6790,9.531
6791,9.163
6792,8.836
6793,8.578
6794,8.399
6795,8.205
6796,8.077
6797,7.924
6798,7.775
6799,7.659
6800,8.066
6801,9.194
6802,10.412
6803,11.683
6804,12.823
6805,13.638
6806,14.022
6807,13.999
6808,13.546
6809,12.394
6810,10.23
6811,9.217
6812,8.653
6813,8.213
6814,7.895
6815,7.676
6816,7.543
6817,7.422
6818,7.32
6819,7.247
6820,7.18
6821,7.16
6822,7.131
6823,7.075
6824,7.327
6825,8.009
6826,8.768
6827,9.7
6828,10.67
6829,11.462
6830,11.934
6831,12.025
6832,11.779
6833,10.922
6834,9.063
6835,8.281
6836,7.859
6837,7.517
6838,7.275
6839,7.13
6840,7.071
6841,7.086
6842,7.109
6843,7.082
6844,7.073
6845,7.074
6846,7.046
6847,7.02
6848,7.25
6849,7.855
6850,8.481
6851,9.167
6852,9.962
6853,10.686
6854,11.145
6855,11.27
6856,11.024
6857,10.238
6858,8.624
6859,8.036
6860,7.728
6861,7.425
6862,7.217
6863,7.081
6864,6.977
6865,6.913
6866,6.901
6867,6.915
6868,6.961
6869,6.998
6870,7.002
6871,7
6872,7.42
6873,8.446
6874,9.386
6875,10.186
6876,10.834
6877,11.314
6878,11.561
6879,11.544
6880,11.261
6881,10.534
6882,9.35
6883,8.902
6884,8.639
6885,8.441
6886,8.293
6887,8.166
6888,8.089
6889,8.025
6890,7.978
6891,7.962
6892,7.941
6893,7.914
6894,7.904
6895,7.923
6896,8.204
6897,8.897
6898,9.603
6899,10.34
6900,10.882
6901,11.225
6902,11.33
6903,11.202
6904,10.871
6905,10.204
6906,9.268
6907,8.805
6908,8.469
6909,8.155
6910,7.884
6911,7.608
6912,7.329
6913,7.097
6914,6.884
6915,6.691
6916,6.597
6917,6.548
6918,6.465
6919,6.432
6920,6.709
6921,7.746
6922,8.884
6923,9.917
6924,10.7
6925,11.157
6926,11.336
6927,11.262
6928,10.874
6929,9.825
6930,8.084
6931,7.399
6932,6.846
6933,6.265
6934,5.764
6935,5.365
6936,5.1
6937,4.938
6938,4.858
6939,4.825
6940,4.838
6941,4.846
6942,4.867
6943,4.891
6944,5.455
6945,7.055
6946,8.411
6947,9.809
6948,10.52
6949,10.962
6950,11.198
6951,11.198
6952,10.894
6953,9.949
6954,8.809
6955,8.402
6956,8.126
6957,7.933
6958,7.823
6959,7.807
6960,7.857
6961,7.955
6962,8.095
6963,8.247
6964,8.362
6965,8.395
6966,8.423
6967,8.435
6968,8.725
6969,9.485
6970,10.218
6971,10.883
6972,11.371
6973,11.655
6974,11.612
6975,11.272
6976,10.771
6977,10.168
6978,9.61
6979,9.328
6980,9.102
6981,8.916
6982,8.719
6983,8.475
6984,8.205
6985,7.906
6986,7.641
6987,7.367
6988,7.104
6989,6.876
6990,6.71
6991,6.572
6992,6.701
6993,7.295
6994,7.978
6995,8.511
6996,8.791
6997,8.881
6998,8.772
6999,8.502
7000,8.035
7001,7.291
7002,6.443
7003,5.955
7004,5.496
7005,5.016
7006,4.565
7007,4.183
7008,3.898
7009,3.645
7010,3.44
7011,3.2
7012,2.99
7013,2.748
7014,2.486
7015,2.245
7016,2.384
7017,3.484
7018,4.683
7019,5.769
7020,6.534
7021,7.003
7022,7.222
7023,7.169
7024,6.803
7025,5.752
7026,4.279
7027,3.871
7028,3.605
7029,3.414
7030,3.276
7031,3.229
7032,3.301
7033,3.433
7034,3.495
7035,3.496
7036,3.58
7037,3.714
7038,3.897
7039,4.096
7040,4.617
7041,5.851
7042,7.126
7043,8.343
7044,9.153
7045,9.613
7046,9.761
7047,9.62
7048,9.216
7049,8.433
7050,7.524
7051,7.195
7052,6.986
7053,6.805
7054,6.659
7055,6.516
7056,6.383
7057,6.279
7058,6.188
7059,6.134
7060,6.162
7061,6.213
7062,6.313
7063,6.451
7064,6.701
7065,7.509
7066,8.474
7067,9.513
7068,10.3
7069,10.705
7070,10.774
7071,10.571
7072,10.053
7073,9.257
7074,8.608
7075,8.368
7076,8.134
7077,7.912
7078,7.721
7079,7.571
7080,7.487
7081,7.458
7082,7.439
7083,7.43
7084,7.385
7085,7.212
7086,6.988
7087,6.762
7088,6.653
7089,7.061
7090,7.549
7091,7.983
7092,8.289
7093,8.445
7094,8.435
7095,8.231
7096,7.812
7097,7.012
7098,6.072
7099,5.633
7100,5.243
7101,4.892
7102,4.497
7103,4.149
7104,3.894
7105,3.728
7106,3.59
7107,3.461
7108,3.334
7109,3.223
7110,3.106
7111,3.007
7112,3.097
7113,4.185
7114,5.459
7115,6.573
7116,7.402
7117,7.875
7118,8.086
7119,8.031
7120,7.58
7121,6.085
7122,4.418
7123,3.932
7124,3.533
7125,3.191
7126,2.879
7127,2.604
7128,2.388
7129,2.162
7130,1.923
7131,1.715
7132,1.586
7133,1.517
7134,1.474
7135,1.476
7136,1.716
7137,3.11
7138,4.759
7139,6.426
7140,7.75
7141,8.404
7142,8.642
7143,8.518
7144,7.858
7145,6.151
7146,5.075
7147,4.94
7148,4.893
7149,4.879
7150,4.939
7151,5.092
7152,5.302
7153,5.445
7154,5.626
7155,5.852
7156,6.142
7157,6.476
7158,6.847
7159,7.207
7160,7.577
7161,8.136
7162,8.866
7163,9.637
7164,10.38
7165,11.118
7166,11.758
7167,12.173
7168,12.33
7169,12.3
7170,12.283
7171,12.344
7172,12.336
7173,12.279
7174,12.228
7175,12.157
7176,12.049
7177,11.887
7178,11.655
7179,11.403
7180,11.159
7181,10.926
7182,10.676
7183,10.365
7184,10.094
7185,10.347
7186,10.898
7187,11.519
7188,12.051
7189,12.366
7190,12.386
7191,12.116
7192,11.508
7193,10.437
7194,9.589
7195,9.378
7196,9.243
7197,9.157
7198,9.094
7199,8.986
7200,8.872
7201,8.825
7202,8.807
7203,8.755
7204,8.681
7205,8.573
7206,8.481
7207,8.505
7208,8.661
7209,9.239
7210,10.021
7211,10.833
7212,11.501
7213,11.8
7214,11.787
7215,11.661
7216,11.48
7217,11.172
7218,10.929
7219,10.851
7220,10.84
7221,10.87
7222,10.955
7223,11.095
7224,11.29
7225,11.473
7226,11.607
7227,11.668
7228,11.683
7229,11.64
7230,11.572
7231,11.475
7232,11.359
7233,11.338
7234,11.398
7235,11.534
7236,11.74
7237,11.923
7238,11.994
7239,11.934
7240,11.705
7241,11.294
7242,10.9
7243,10.573
7244,10.178
7245,9.762
7246,9.366
7247,9.017
7248,8.731
7249,8.466
7250,8.203
7251,7.959
7252,7.758
7253,7.597
7254,7.49
7255,7.446
7256,7.501
7257,8.113
7258,8.883
7259,9.672
7260,10.313
7261,10.68
7262,10.776
7263,10.636
7264,10.198
7265,9.343
7266,8.808
7267,8.693
7268,8.534
7269,8.299
7270,8.044
7271,7.869
7272,7.757
7273,7.698
7274,7.697
7275,7.676
7276,7.668
7277,7.627
7278,7.546
7279,7.428
7280,7.346
7281,7.732
7282,8.432
7283,9.035
7284,9.554
7285,9.92
7286,10.053
7287,9.957
7288,9.523
7289,8.487
7290,7.73
7291,7.442
7292,7.175
7293,6.928
7294,6.716
7295,6.539
7296,6.386
7297,6.187
7298,6.011
7299,5.893
7300,5.848
7301,5.826
7302,5.799
7303,5.808
7304,5.845
7305,6.517
7306,7.471
7307,8.249
7308,9.107
7309,9.784
7310,10.1
7311,10.119
7312,9.826
7313,9.212
7314,8.987
7315,9.17
7316,9.346
7317,9.45
7318,9.53
7319,9.628
7320,9.69
7321,9.735
7322,9.815
7323,9.86
7324,9.82
7325,9.712
7326,9.553
7327,9.346
7328,9.186
7329,9.434
7330,10
7331,10.702
7332,11.306
7333,11.665
7334,11.732
7335,11.541
7336,11.156
7337,10.726
7338,10.47
7339,10.361
7340,10.324
7341,10.318
7342,10.329
7343,10.307
7344,10.183
7345,10.002
7346,9.77
7347,9.504
7348,9.207
7349,8.931
7350,8.646
7351,8.353
7352,8.135
7353,8.466
7354,9.085
7355,9.801
7356,10.392
7357,10.756
7358,10.87
7359,10.718
7360,10.331
7361,9.787
7362,9.555
7363,9.544
7364,9.53
7365,9.428
7366,9.33
7367,9.291
7368,9.355
7369,9.507
7370,9.696
7371,9.913
7372,10.112
7373,10.211
7374,10.236
7375,10.317
7376,10.358
7377,10.635
7378,11.227
7379,11.814
7380,12.385
7381,12.845
7382,13.065
7383,12.999
7384,12.709
7385,12.277
7386,11.947
7387,11.722
7388,11.504
7389,11.307
7390,11.151
7391,11.016
7392,10.898
7393,10.781
7394,10.612
7395,10.419
7396,10.167
7397,9.862
7398,9.535
7399,9.256
7400,9.131
7401,9.513
7402,10.111
7403,10.672
7404,11.066
7405,11.239
7406,11.16
7407,10.819
7408,10.239
7409,9.545
7410,9.102
7411,8.735
7412,8.33
7413,7.923
7414,7.513
7415,7.118
7416,6.757
7417,6.406
7418,6.099
7419,5.873
7420,5.653
7421,5.479
7422,5.329
7423,5.154
7424,4.9
7425,5.342
7426,6.305
7427,6.998
7428,7.499
7429,7.801
7430,7.81
7431,7.556
7432,6.902
7433,5.758
7434,5.281
7435,5.076
7436,4.889
7437,4.713
7438,4.49
7439,4.254
7440,4.009
7441,3.77
7442,3.529
7443,3.311
7444,3.188
7445,3.064
7446,2.924
7447,2.795
7448,2.695
7449,3.078
7450,3.936
7451,4.754
7452,5.406
7453,5.797
7454,5.902
7455,5.746
7456,5.21
7457,4.313
7458,4.059
7459,4.045
7460,4.058
7461,4.046
7462,4.016
7463,4.024
7464,4.032
7465,4.055
7466,4.09
7467,4.12
7468,4.174
7469,4.244
7470,4.289
7471,4.321
7472,4.408
7473,4.634
7474,4.992
7475,5.371
7476,5.716
7477,5.957
7478,6.062
7479,6.041
7480,5.851
7481,5.491
7482,5.323
7483,5.261
7484,5.24
7485,5.251
7486,5.29
7487,5.332
7488,5.395
7489,5.443
7490,5.459
7491,5.455
7492,5.425
7493,5.365
7494,5.289
7495,5.199
7496,5.105
7497,5.14
7498,5.466
7499,5.871
7500,6.193
7501,6.364
7502,6.373
7503,6.143
7504,5.568
7505,4.627
7506,4.029
7507,3.639
7508,3.304
7509,3.055
7510,2.819
7511,2.562
7512,2.344
7513,2.152
7514,1.96
7515,1.757
7516,1.528
7517,1.311
7518,1.131
7519,0.965
7520,0.868
7521,1.412
7522,2.651
7523,3.888
7524,4.947
7525,5.577
7526,5.803
7527,5.618
7528,4.486
7529,2.564
7530,1.951
7531,1.791
7532,1.747
7533,1.903
7534,2.193
7535,2.561
7536,2.905
7537,3.24
7538,3.576
7539,3.918
7540,4.418
7541,4.974
7542,5.568
7543,6.213
7544,6.934
7545,7.726
7546,8.4
7547,8.842
7548,9.067
7549,9.134
7550,9.039
7551,8.806
7552,8.453
7553,8.104
7554,8.006
7555,8.05
7556,8.094
7557,8.133
7558,8.189
7559,8.204
7560,8.206
7561,8.192
7562,8.141
7563,8.085
7564,8.03
7565,7.956
7566,7.912
7567,7.855
7568,7.76
7569,7.808
7570,8.15
7571,8.513
7572,8.766
7573,8.907
7574,8.884
7575,8.661
7576,8.258
7577,7.655
7578,7.249
7579,7.026
7580,6.821
7581,6.644
7582,6.529
7583,6.44
7584,6.376
7585,6.31
7586,6.207
7587,6.069
7588,5.942
7589,5.804
7590,5.638
7591,5.485
7592,5.327
7593,5.375
7594,5.904
7595,6.615
7596,7.339
7597,7.809
7598,7.969
7599,7.787
7600,6.89
7601,5.572
7602,5.148
7603,4.911
7604,4.72
7605,4.61
7606,4.598
7607,4.647
7608,4.745
7609,4.781
7610,4.745
7611,4.644
7612,4.54
7613,4.36
7614,4.113
7615,3.846
7616,3.617
7617,3.913
7618,4.751
7619,5.379
7620,5.825
7621,6.067
7622,6.091
7623,5.861
7624,5.158
7625,4.189
7626,3.909
7627,3.699
7628,3.424
7629,3.214
7630,3.028
7631,2.843
7632,2.712
7633,2.61
7634,2.505
7635,2.448
7636,2.428
7637,2.417
7638,2.309
7639,2.188
7640,2.008
7641,2.099
7642,3.034
7643,4.039
7644,4.981
7645,5.857
7646,6.302
7647,6.219
7648,5.308
7649,4.237
7650,3.906
7651,3.719
7652,3.584
7653,3.438
7654,3.292
7655,3.142
7656,3.049
7657,2.967
7658,2.892
7659,2.824
7660,2.765
7661,2.73
7662,2.725
7663,2.678
7664,2.554
7665,2.743
7666,3.848
7667,4.895
7668,5.725
7669,6.401
7670,6.757
7671,6.65
7672,5.761
7673,4.849
7674,4.826
7675,4.861
7676,4.859
7677,4.885
7678,4.918
7679,4.947
7680,4.984
7681,5.039
7682,5.118
7683,5.262
7684,5.421
7685,5.553
7686,5.638
7687,5.691
7688,5.704
7689,5.731
7690,5.821
7691,5.969
7692,6.112
7693,6.196
7694,6.192
7695,6.084
7696,5.882
7697,5.653
7698,5.54
7699,5.478
7700,5.425
7701,5.394
7702,5.361
7703,5.322
7704,5.276
7705,5.257
7706,5.254
7707,5.276
7708,5.305
7709,5.323
7710,5.372
7711,5.417
7712,5.459
7713,5.654
7714,6.114
7715,6.665
7716,7.177
7717,7.543
7718,7.705
7719,7.627
7720,7.268
7721,6.818
7722,6.68
7723,6.593
7724,6.491
7725,6.349
7726,6.193
7727,6.055
7728,5.907
7729,5.781
7730,5.673
7731,5.594
7732,5.542
7733,5.479
7734,5.398
7735,5.287
7736,5.187
7737,5.321
7738,5.966
7739,6.693
7740,7.319
7741,7.832
7742,8.087
7743,7.958
7744,7.208
7745,6.367
7746,6.071
7747,5.865
7748,5.691
7749,5.555
7750,5.41
7751,5.351
7752,5.342
7753,5.295
7754,5.241
7755,5.215
7756,5.234
7757,5.265
7758,5.298
7759,5.32
7760,5.323
7761,5.416
7762,5.792
7763,6.182
7764,6.446
7765,6.562
7766,6.538
7767,6.342
7768,5.93
7769,5.433
7770,5.271
7771,5.14
7772,4.998
7773,4.854
7774,4.667
7775,4.492
7776,4.342
7777,4.201
7778,4.086
7779,3.996
7780,3.962
7781,3.94
7782,3.898
7783,3.835
7784,3.722
7785,3.713
7786,4.183
7787,4.755
7788,5.19
7789,5.415
7790,5.424
7791,5.199
7792,4.685
7793,4.135
7794,3.959
7795,3.834
7796,3.719
7797,3.654
7798,3.62
7799,3.608
7800,3.602
7801,3.651
7802,3.73
7803,3.793
7804,3.811
7805,3.813
7806,3.773
7807,3.715
7808,3.669
7809,3.811
7810,4.41
7811,5.039
7812,5.524
7813,5.826
7814,5.925
7815,5.747
7816,5.173
7817,4.519
7818,4.375
7819,4.219
7820,4.05
7821,3.907
7822,3.713
7823,3.525
7824,3.39
7825,3.309
7826,3.235
7827,3.182
7828,3.145
7829,3.085
7830,2.992
7831,2.915
7832,2.855
7833,2.94
7834,3.515
7835,4.206
7836,4.756
7837,5.131
7838,5.259
7839,5.022
7840,4.206
7841,3.329
7842,3.075
7843,2.878
7844,2.685
7845,2.496
7846,2.312
7847,2.132
7848,1.995
7849,1.908
7850,1.796
7851,1.725
7852,1.672
7853,1.642
7854,1.576
7855,1.479
7856,1.41
7857,1.44
7858,1.964
7859,2.644
7860,3.211
7861,3.563
7862,3.621
7863,3.351
7864,2.587
7865,1.843
7866,1.645
7867,1.481
7868,1.318
7869,1.188
7870,1.095
7871,1.019
7872,0.872
7873,0.71
7874,0.59
7875,0.475
7876,0.36
7877,0.265
7878,0.179
7879,0.074
7880,0.024
7881,0.117
7882,0.677
7883,1.342
7884,1.869
7885,2.157
7886,2.207
7887,1.99
7888,1.484
7889,0.927
7890,0.756
7891,0.63
7892,0.512
7893,0.418
7894,0.302
7895,0.176
7896,0.101
7897,0.058
7898,0.084
7899,0.095
7900,0.094
7901,0.108
7902,0.127
7903,0.126
7904,0.096
7905,0.214
7906,0.843
7907,1.444
7908,1.9
7909,2.114
7910,2.074
7911,1.776
7912,1.028
7913,0.416
7914,0.293
7915,0.167
7916,0.018
7917,-0.099
7918,-0.217
7919,-0.329
7920,-0.399
7921,-0.44
7922,-0.476
7923,-0.537
7924,-0.645
7925,-0.738
7926,-0.82
7927,-0.864
7928,-0.889
7929,-0.817
7930,-0.35
7931,0.241
7932,0.668
7933,0.857
7934,0.796
7935,0.466
7936,-0.279
7937,-1.016
7938,-1.344
7939,-1.659
7940,-1.932
7941,-2.163
7942,-2.344
7943,-2.49
7944,-2.566
7945,-2.58
7946,-2.525
7947,-2.479
7948,-2.35
7949,-2.144
7950,-1.972
7951,-1.903
7952,-1.904
7953,-1.772
7954,-1.133
7955,-0.43
7956,0.132
7957,0.484
7958,0.594
7959,0.386
7960,-0.349
7961,-0.919
7962,-0.935
7963,-0.908
7964,-0.908
7965,-0.929
7966,-0.935
7967,-0.983
7968,-1.028
7969,-1.087
7970,-1.131
7971,-1.212
7972,-1.215
7973,-1.191
7974,-1.17
7975,-1.175
7976,-1.184
7977,-1.095
7978,-0.535
7979,0.166
7980,0.746
7981,1.055
7982,1.087
7983,0.844
7984,0.303
7985,-0.105
7986,-0.119
7987,-0.131
7988,-0.108
7989,-0.073
7990,-0.129
7991,-0.232
7992,-0.327
7993,-0.411
7994,-0.442
7995,-0.476
7996,-0.499
7997,-0.523
7998,-0.544
7999,-0.569
8000,-0.592
8001,-0.574
8002,-0.312
8003,0.144
8004,0.529
8005,0.706
8006,0.655
8007,0.336
8008,-0.236
8009,-0.732
8010,-0.921
8011,-1.061
8012,-1.218
8013,-1.365
8014,-1.534
8015,-1.702
8016,-1.851
8017,-1.967
8018,-2.047
8019,-2.103
8020,-2.172
8021,-2.21
8022,-2.237
8023,-2.252
8024,-2.262
8025,-2.181
8026,-1.698
8027,-1.012
8028,-0.48
8029,-0.215
8030,-0.186
8031,-0.411
8032,-0.874
8033,-1.232
8034,-1.313
8035,-1.361
8036,-1.421
8037,-1.433
8038,-1.41
8039,-1.407
8040,-1.395
8041,-1.413
8042,-1.445
8043,-1.454
8044,-1.471
8045,-1.501
8046,-1.529
8047,-1.538
8048,-1.556
8049,-1.549
8050,-1.246
8051,-0.703
8052,-0.211
8053,0.064
8054,0.063
8055,-0.277
8056,-1.074
8057,-1.826
8058,-2.18
8059,-2.473
8060,-2.697
8061,-2.889
8062,-3.072
8063,-3.28
8064,-3.434
8065,-3.537
8066,-3.57
8067,-3.553
8068,-3.516
8069,-3.453
8070,-3.352
8071,-3.239
8072,-3.147
8073,-2.947
8074,-2.211
8075,-1.304
8076,-0.62
8077,-0.109
8078,0.199
8079,0.2
8080,-0.225
8081,-0.492
8082,-0.374
8083,-0.184
8084,0.045
8085,0.286
8086,0.557
8087,0.803
8088,1.001
8089,1.11
8090,1.187
8091,1.242
8092,1.267
8093,1.274
8094,1.263
8095,1.228
8096,1.197
8097,1.193
8098,1.469
8099,1.915
8100,2.308
8101,2.506
8102,2.494
8103,2.255
8104,1.869
8105,1.658
8106,1.622
8107,1.53
8108,1.411
8109,1.244
8110,1.045
8111,0.901
8112,0.782
8113,0.645
8114,0.48
8115,0.27
8116,0.062
8117,-0.114
8118,-0.275
8119,-0.386
8120,-0.507
8121,-0.593
8122,-0.166
8123,0.513
8124,1.095
8125,1.464
8126,1.521
8127,1.08
8128,0.041
8129,-0.679
8130,-0.867
8131,-1.013
8132,-1.145
8133,-1.241
8134,-1.359
8135,-1.48
8136,-1.541
8137,-1.575
8138,-1.636
8139,-1.735
8140,-1.887
8141,-2.044
8142,-2.19
8143,-2.337
8144,-2.47
8145,-2.544
8146,-2.17
8147,-1.443
8148,-0.751
8149,-0.23
8150,-0.017
8151,-0.345
8152,-1.438
8153,-2.206
8154,-2.35
8155,-2.397
8156,-2.486
8157,-2.646
8158,-2.82
8159,-3.04
8160,-3.244
8161,-3.418
8162,-3.528
8163,-3.6
8164,-3.589
8165,-3.535
8166,-3.496
8167,-3.494
8168,-3.482
8169,-3.37
8170,-2.722
8171,-1.735
8172,-0.797
8173,-0.152
8174,0.092
8175,-0.286
8176,-1.445
8177,-2.341
8178,-2.573
8179,-2.648
8180,-2.647
8181,-2.649
8182,-2.653
8183,-2.67
8184,-2.733
8185,-2.777
8186,-2.818
8187,-2.858
8188,-2.84
8189,-2.838
8190,-2.82
8191,-2.799
8192,-2.798
8193,-2.787
8194,-2.171
8195,-1.133
8196,-0.214
8197,0.425
8198,0.656
8199,0.379
8200,-0.49
8201,-1.228
8202,-1.431
8203,-1.537
8204,-1.62
8205,-1.68
8206,-1.764
8207,-1.852
8208,-1.922
8209,-1.943
8210,-1.909
8211,-1.797
8212,-1.6
8213,-1.287
8214,-0.916
8215,-0.609
8216,-0.367
8217,-0.052
8218,0.855
8219,1.905
8220,2.65
8221,3.104
8222,3.267
8223,3.101
8224,2.656
8225,2.464
8226,2.542
8227,2.623
8228,2.721
8229,2.825
8230,2.892
8231,2.972
8232,3.083
8233,3.204
8234,3.33
8235,3.457
8236,3.583
8237,3.691
8238,3.778
8239,3.862
8240,3.965
8241,4.03
8242,4.234
8243,4.543
8244,4.886
8245,5.136
8246,5.199
8247,5.041
8248,4.704
8249,4.531
8250,4.568
8251,4.599
8252,4.623
8253,4.684
8254,4.753
8255,4.765
8256,4.798
8257,4.786
8258,4.764
8259,4.731
8260,4.692
8261,4.631
8262,4.554
8263,4.423
8264,4.194
8265,3.953
8266,4.241
8267,4.788
8268,5.232
8269,5.497
8270,5.437
8271,4.908
8272,4.048
8273,3.638
8274,3.51
8275,3.295
8276,2.999
8277,2.685
8278,2.416
8279,2.105
8280,1.817
8281,1.557
8282,1.309
8283,1.067
8284,0.92
8285,0.823
8286,0.721
8287,0.682
8288,0.61
8289,0.632
8290,1.288
8291,2.269
8292,3.063
8293,3.542
8294,3.595
8295,3.013
8296,1.905
8297,1.427
8298,1.436
8299,1.42
8300,1.403
8301,1.368
8302,1.279
8303,1.164
8304,1.07
8305,0.975
8306,0.868
8307,0.753
8308,0.656
8309,0.594
8310,0.529
8311,0.451
8312,0.356
8313,0.305
8314,0.721
8315,1.387
8316,1.96
8317,2.365
8318,2.479
8319,2.146
8320,1.443
8321,1.148
8322,1.201
8323,1.183
8324,1.146
8325,1.124
8326,1.132
8327,1.097
8328,1.073
8329,1.031
8330,1.015
8331,0.987
8332,0.991
8333,1.006
8334,1.029
8335,1.043
8336,1.091
8337,1.201
8338,1.835
8339,2.64
8340,3.225
8341,3.542
8342,3.541
8343,3.087
8344,2.283
8345,1.878
8346,1.78
8347,1.668
8348,1.567
8349,1.492
8350,1.382
8351,1.28
8352,1.19
8353,1.145
8354,1.122
8355,1.094
8356,1.14
8357,1.215
8358,1.324
8359,1.414
8360,1.532
8361,1.709
8362,2.191
8363,2.81
8364,3.335
8365,3.677
8366,3.805
8367,3.644
8368,3.133
8369,2.889
8370,2.934
8371,3.015
8372,3.09
8373,3.196
8374,3.355
8375,3.507
8376,3.709
8377,3.905
8378,4.043
8379,4.099
8380,4.023
8381,3.906
8382,3.731
8383,3.511
8384,3.225
8385,2.929
8386,2.749
8387,2.68
8388,2.586
8389,2.374
8390,1.999
8391,1.433
8392,0.639
8393,-0.055
8394,-0.517
8395,-0.888
8396,-1.193
8397,-1.465
8398,-1.673
8399,-1.817
8400,-1.889
8401,-1.862
8402,-1.778
8403,-1.705
8404,-1.684
8405,-1.728
8406,-1.788
8407,-1.821
8408,-1.821
8409,-1.752
8410,-1.431
8411,-0.992
8412,-0.644
8413,-0.48
8414,-0.513
8415,-0.819
8416,-1.568
8417,-1.992
8418,-2.087
8419,-2.147
8420,-2.189
8421,-2.191
8422,-2.144
8423,-2.132
8424,-2.182
8425,-2.228
8426,-2.224
8427,-2.207
8428,-2.198
8429,-2.18
8430,-2.175
8431,-2.191
8432,-2.22
8433,-2.211
8434,-1.898
8435,-1.358
8436,-0.863
8437,-0.527
8438,-0.451
8439,-0.745
8440,-1.469
8441,-1.973
8442,-2.173
8443,-2.341
8444,-2.465
8445,-2.572
8446,-2.673
8447,-2.775
8448,-2.886
8449,-2.952
8450,-2.986
8451,-3.01
8452,-3.025
8453,-3.016
8454,-2.959
8455,-2.893
8456,-2.825
8457,-2.716
8458,-2.164
8459,-1.386
8460,-0.765
8461,-0.403
8462,-0.364
8463,-0.769
8464,-1.625
8465,-2.171
8466,-2.375
8467,-2.554
8468,-2.715
8469,-2.861
8470,-2.961
8471,-3.097
8472,-3.229
8473,-3.351
8474,-3.401
8475,-3.438
8476,-3.486
8477,-3.523
8478,-3.537
8479,-3.538
8480,-3.53
8481,-3.472
8482,-3.105
8483,-2.437
8484,-1.76
8485,-1.263
8486,-1.014
8487,-1.173
8488,-1.816
8489,-2.259
8490,-2.368
8491,-2.401
8492,-2.432
8493,-2.513
8494,-2.581
8495,-2.642
8496,-2.74
8497,-2.843
8498,-2.933
8499,-2.996
8500,-3.072
8501,-3.161
8502,-3.255
8503,-3.315
8504,-3.347
8505,-3.324
8506,-2.758
8507,-1.885
8508,-1.126
8509,-0.599
8510,-0.415
8511,-0.722
8512,-1.507
8513,-1.999
8514,-2.124
8515,-2.183
8516,-2.231
8517,-2.285
8518,-2.331
8519,-2.364
8520,-2.418
8521,-2.479
8522,-2.537
8523,-2.56
8524,-2.571
8525,-2.56
8526,-2.536
8527,-2.522
8528,-2.506
8529,-2.474
8530,-1.966
8531,-1.088
8532,-0.377
8533,0.052
8534,0.141
8535,-0.219
8536,-1.022
8537,-1.526
8538,-1.696
8539,-1.829
8540,-1.962
8541,-2.119
8542,-2.237
8543,-2.305
8544,-2.322
8545,-2.318
8546,-2.288
8547,-2.273
8548,-2.25
8549,-2.228
8550,-2.195
8551,-2.141
8552,-2.104
8553,-2.018
8554,-1.54
8555,-0.748
8556,-0.043
8557,0.391
8558,0.458
8559,0.079
8560,-0.627
8561,-1.07
8562,-1.246
8563,-1.389
8564,-1.508
8565,-1.588
8566,-1.638
8567,-1.717
8568,-1.817
8569,-1.933
8570,-2.033
8571,-2.11
8572,-2.131
8573,-2.115
8574,-2.116
8575,-2.136
8576,-2.174
8577,-2.211
8578,-1.777
8579,-0.931
8580,-0.181
8581,0.305
8582,0.432
8583,0.041
8584,-0.959
8585,-1.607
8586,-1.779
8587,-1.884
8588,-1.974
8589,-2.08
8590,-2.213
8591,-2.369
8592,-2.494
8593,-2.559
8594,-2.557
8595,-2.529
8596,-2.47
8597,-2.417
8598,-2.382
8599,-2.318
8600,-2.255
8601,-2.159
8602,-1.562
8603,-0.68
8604,0.128
8605,0.737
8606,0.971
8607,0.643
8608,-0.308
8609,-0.935
8610,-1.159
8611,-1.32
8612,-1.42
8613,-1.5
8614,-1.564
8615,-1.674
8616,-1.757
8617,-1.806
8618,-1.879
8619,-1.982
8620,-2.139
8621,-2.387
8622,-2.631
8623,-2.708
8624,-2.635
8625,-2.356
8626,-1.39
8627,-0.307
8628,0.481
8629,0.997
8630,1.219
8631,1.045
8632,0.556
8633,0.402
8634,0.417
8635,0.4
8636,0.519
8637,0.703
8638,0.831
8639,0.9
8640,0.918
8641,0.965
8642,1.056
8643,1.145
8644,1.203
8645,1.243
8646,1.285
8647,1.315
8648,1.343
8649,1.392
8650,1.541
8651,1.773
8652,2.002
8653,2.179
8654,2.24
8655,2.132
8656,1.929
8657,1.873
8658,1.87
8659,1.887
8660,1.887
8661,1.891
8662,1.906
8663,1.941
8664,1.989
8665,2.057
8666,2.106
8667,2.143
8668,2.192
8669,2.245
8670,2.31
8671,2.378
8672,2.439
8673,2.531
8674,2.741
8675,3.04
8676,3.293
8677,3.455
8678,3.512
8679,3.401
8680,3.138
8681,2.968
8682,2.976
8683,2.983
8684,2.973
8685,2.958
8686,2.956
8687,2.984
8688,3.039
8689,3.083
8690,3.121
8691,3.156
8692,3.194
8693,3.227
8694,3.242
8695,3.243
8696,3.226
8697,3.22
8698,3.382
8699,3.7
8700,3.989
8701,4.133
8702,4.084
8703,3.832
8704,3.493
8705,3.318
8706,3.296
8707,3.303
8708,3.322
8709,3.323
8710,3.356
8711,3.409
8712,3.44
8713,3.441
8714,3.44
8715,3.453
8716,3.431
8717,3.382
8718,3.378
8719,3.372
8720,3.313
8721,3.299
8722,3.538
8723,3.878
8724,4.191
8725,4.368
8726,4.362
8727,4.127
8728,3.696
8729,3.417
8730,3.304
8731,3.201
8732,3.13
8733,3.12
8734,3.075
8735,3.001
8736,2.904
8737,2.811
8738,2.714
8739,2.629
8740,2.535
8741,2.469
8742,2.43
8743,2.414
8744,2.414
8745,2.457
8746,2.767
8747,3.223
8748,3.651
8749,3.983
8750,4.151
8751,4.011
8752,3.64
8753,3.453
8754,3.44
8755,3.405
8756,3.359
8757,3.303
8758,3.244
8759,3.151
8760,3.022
